{"is_source_file": false, "format": "", "description": "", "external_files": [], "external_methods": [], "published": [], "classes": [], "methods": [], "calls": [], "search-terms": [], "state": 2, "file_id": 12, "knowledge_revision": 22, "git_revision": "f727a9fc59b3465e4c745facc8fa88ce734061de", "hash": "2090df164b0cf8d1c9eb9f0206709317", "format-version": 4, "code-base-name": "travel_planner_frontend", "filename": "README.md", "revision_history": [{"22": "f727a9fc59b3465e4c745facc8fa88ce734061de"}]}