{"is_source_file": true, "format": "JavaScript (React JSX)", "description": "React component 'TripsList' rendering a list of trips with actions such as create, reload, and navigation links. Implements UI for trip management within a travel planning application.", "external_files": ["./ToastProvider", "react", "react-router-dom"], "external_methods": ["useToasts", "useNavigate"], "published": ["TripsList"], "classes": [], "methods": [{"name": "TripsList({ trips, status, error, usingMock, onCreateTrip, onReload })", "description": "Functional React component rendering a list of trips with controls for creating new trips, reloading, and navigation. Handles state for trip creation process and displays trip items.", "scope": "", "scopeKind": ""}], "calls": ["useToasts()", "useNavigate()", "pushToast()", "onReload()", "onCreateTrip()", "navigate()"], "search-terms": ["TripsList", "React trip navigation", "trip creation button", "trip reload", "trip list rendering", "React useState hook", "react-router NavLink", "trip list component"], "state": 2, "file_id": 18, "knowledge_revision": 61, "git_revision": "a207c6b616230db15eb14953ef4d463477b8fa18", "revision_history": [{"40": ""}, {"61": "a207c6b616230db15eb14953ef4d463477b8fa18"}], "ctags": [{"_type": "tag", "name": "TripsList", "path": "/home/kavia/workspace/code-generation/travel-planner-pro-214723-214733/travel_planner_frontend/src/components/TripsList.js", "pattern": "/^export function TripsList({ trips, status, error, usingMock, onCreateTrip, onReload }) {$/", "language": "JavaScript", "kind": "function", "signature": "({ trips, status, error, usingMock, onCreateTrip, onReload })"}, {"_type": "tag", "name": "newId", "path": "/home/kavia/workspace/code-generation/travel-planner-pro-214723-214733/travel_planner_frontend/src/components/TripsList.js", "pattern": "/^              const newId = res?.trip?.id;$/", "language": "JavaScript", "kind": "constant", "scope": "onClick", "scopeKind": "class"}, {"_type": "tag", "name": "res", "path": "/home/kavia/workspace/code-generation/travel-planner-pro-214723-214733/travel_planner_frontend/src/components/TripsList.js", "pattern": "/^              const res = await onCreateTrip({$/", "language": "JavaScript", "kind": "constant", "scope": "onClick", "scopeKind": "class"}], "hash": "f095d0e6b9f7b8bc293fdaed93963950", "format-version": 4, "code-base-name": "travel_planner_frontend", "filename": "travel_planner_frontend/src/components/TripsList.js"}