{"is_source_file": true, "format": "JavaScript", "description": "This file defines functions and types related to trip data management in a frontend application. It includes data normalization, CRUD API wrappers for trips, and type definitions for trip objects.", "external_files": ["./client"], "external_methods": ["apiClient.get", "apiClient.post", "apiClient.patch", "apiClient.delete"], "published": ["tripsApi"], "classes": [], "methods": [{"name": "normalizeTrip(t)", "description": "Transforms backend trip payloads into the format expected by the UI.", "scope": "", "scopeKind": ""}, {"name": "listTrips()", "description": "Fetches all trips from the API.", "scope": "tripsApi", "scopeKind": "class"}, {"name": "getTrip(tripId)", "description": "Retrieves a specific trip by its ID.", "scope": "tripsApi", "scopeKind": "class"}, {"name": "createTrip(payload)", "description": "Creates a new trip with the given payload.", "scope": "tripsApi", "scopeKind": "class"}, {"name": "updateTrip(tripId, patch)", "description": "Updates an existing trip identified by tripId with provided patch data.", "scope": "tripsApi", "scopeKind": "class"}, {"name": "deleteTrip(tripId)", "description": "Deletes a trip specified by its ID.", "scope": "tripsApi", "scopeKind": "class"}], "calls": ["apiClient.get", "apiClient.post", "apiClient.patch", "apiClient.delete"], "search-terms": ["normalizeTrip", "tripsApi", "createTrip", "deleteTrip", "updateTrip", "getTrip", "listTrips"], "state": 2, "file_id": 25, "knowledge_revision": 57, "git_revision": "", "ctags": [{"_type": "tag", "name": "createTrip", "path": "/home/kavia/workspace/code-generation/travel-planner-pro-214723-214733/travel_planner_frontend/src/api/trips.js", "pattern": "/^  async createTrip(payload) {$/", "language": "JavaScript", "kind": "method", "signature": "(payload)", "scope": "tripsApi", "scopeKind": "class"}, {"_type": "tag", "name": "deleteTrip", "path": "/home/kavia/workspace/code-generation/travel-planner-pro-214723-214733/travel_planner_frontend/src/api/trips.js", "pattern": "/^  async deleteTrip(tripId) {$/", "language": "JavaScript", "kind": "method", "signature": "(tripId)", "scope": "tripsApi", "scopeKind": "class"}, {"_type": "tag", "name": "getTrip", "path": "/home/kavia/workspace/code-generation/travel-planner-pro-214723-214733/travel_planner_frontend/src/api/trips.js", "pattern": "/^  async getTrip(tripId) {$/", "language": "JavaScript", "kind": "method", "signature": "(tripId)", "scope": "tripsApi", "scopeKind": "class"}, {"_type": "tag", "name": "listTrips", "path": "/home/kavia/workspace/code-generation/travel-planner-pro-214723-214733/travel_planner_frontend/src/api/trips.js", "pattern": "/^  async listTrips() {$/", "language": "JavaScript", "kind": "method", "signature": "()", "scope": "tripsApi", "scopeKind": "class"}, {"_type": "tag", "name": "normalizeTrip", "path": "/home/kavia/workspace/code-generation/travel-planner-pro-214723-214733/travel_planner_frontend/src/api/trips.js", "pattern": "/^function normalizeTrip(t) {$/", "language": "JavaScript", "kind": "function", "signature": "(t)"}, {"_type": "tag", "name": "tripsApi", "path": "/home/kavia/workspace/code-generation/travel-planner-pro-214723-214733/travel_planner_frontend/src/api/trips.js", "pattern": "/^export const tripsApi = {$/", "language": "JavaScript", "kind": "class"}, {"_type": "tag", "name": "updateTrip", "path": "/home/kavia/workspace/code-generation/travel-planner-pro-214723-214733/travel_planner_frontend/src/api/trips.js", "pattern": "/^  async updateTrip(tripId, patch) {$/", "language": "JavaScript", "kind": "method", "signature": "(tripId, patch)", "scope": "tripsApi", "scopeKind": "class"}], "hash": "39219c9ede971bb7cb0660668b1cd86a", "format-version": 4, "code-base-name": "travel_planner_frontend", "filename": "travel_planner_frontend/src/api/trips.js", "revision_history": [{"57": ""}]}