{"is_source_file": false, "format": "", "description": "", "external_files": [], "external_methods": [], "published": [], "classes": [], "methods": [], "calls": [], "search-terms": [], "state": 2, "file_id": 10, "knowledge_revision": 26, "git_revision": "1b92b5aae4d4f80c487316072b1ea613ef650341", "hash": "05a59ef034249b13af29c487b9b98c27", "format-version": 4, "code-base-name": "travel_planner_frontend", "filename": "travel_planner_frontend/package.json", "revision_history": [{"26": "1b92b5aae4d4f80c487316072b1ea613ef650341"}]}