{"is_source_file": true, "format": "JavaScript", "description": "React hook for managing itinerary data with CRUD operations and mock fallback, including pagination support.", "external_files": ["../api/itinerary", "../mocks/data"], "external_methods": ["itineraryApi.list", "itineraryApi.create", "itineraryApi.update", "itineraryApi.remove"], "published": ["useItinerary"], "classes": [], "methods": [{"name": "useItinerary(tripId, options = {})", "description": "Custom React hook managing itinerary items with CRUD operations, paginated loading, and mock fallback.", "scope": "", "scopeKind": ""}], "calls": ["react/useCallback", "react/useEffect", "react/useMemo", "react/useRef", "react/useState", "itineraryApi.list", "itineraryApi.create", "itineraryApi.update", "itineraryApi.remove", "../mocks/data"], "search-terms": ["useItinerary React hook", "itinerary pagination", "mock fallback itinerary", "tripId itinerary management", "React data fetching hook"], "state": 2, "file_id": 30, "knowledge_revision": 72, "git_revision": "", "ctags": [{"_type": "tag", "name": "useItinerary", "path": "/home/kavia/workspace/code-generation/travel-planner-pro-214723-214733/travel_planner_frontend/src/hooks/useItinerary.js", "pattern": "/^export function useItinerary(tripId, options = {}) {$/", "language": "JavaScript", "kind": "function", "signature": "(tripId, options = {})"}], "hash": "ca84d9054f57069c2091f26f87678607", "format-version": 4, "code-base-name": "travel_planner_frontend", "filename": "travel_planner_frontend/src/hooks/useItinerary.js", "revision_history": [{"72": ""}]}