{"is_source_file": true, "format": "JavaScript", "description": "This file provides a JavaScript module for managing itinerary items within a travel planning frontend. It defines data types, a normalization function for backend data, and an API wrapper object with methods for listing, retrieving, creating, updating, and deleting itinerary items using REST API calls.", "external_files": ["./client"], "external_methods": ["apiClient.get", "apiClient.post", "apiClient.patch", "apiClient.delete"], "published": ["itineraryApi"], "classes": [], "methods": [{"name": "normalizeItineraryItem(it)", "description": "Transforms raw backend itinerary data into a stable UI-friendly object, handling optional and legacy property keys.", "scope": "", "scopeKind": ""}, {"name": "itineraryApi.list", "description": "Fetches a list of itinerary items for a given trip, with optional pagination. Normalizes each item."}, {"name": "itineraryApi.get", "description": "Retrieves a specific itinerary item by trip ID and item ID, then normalizes the result."}, {"name": "itineraryApi.create", "description": "Creates a new itinerary item for a trip and normalizes the returned data."}, {"name": "itineraryApi.update", "description": "Updates an existing itinerary item with a patch and returns the normalized result."}, {"name": "itineraryApi.remove", "description": "Deletes an itinerary item and returns any response data."}, {"name": "list(tripId, { limit = 50, offset = 0 } = {})", "scope": "itineraryApi", "scopeKind": "class", "description": "unavailable"}], "calls": ["apiClient.get", "apiClient.post", "apiClient.patch", "apiClient.delete"], "search-terms": ["itinerary", "normalizeItineraryItem", "itineraryApi", "/api/trips/{trip_id}/itinerary"], "state": 2, "file_id": 27, "knowledge_revision": 66, "git_revision": "", "ctags": [{"_type": "tag", "name": "itineraryApi", "path": "/home/kavia/workspace/code-generation/travel-planner-pro-214723-214733/travel_planner_frontend/src/api/itinerary.js", "pattern": "/^export const itineraryApi = {$/", "language": "JavaScript", "kind": "class"}, {"_type": "tag", "name": "list", "path": "/home/kavia/workspace/code-generation/travel-planner-pro-214723-214733/travel_planner_frontend/src/api/itinerary.js", "pattern": "/^  async list(tripId, { limit = 50, offset = 0 } = {}) {$/", "language": "JavaScript", "kind": "method", "signature": "(tripId, { limit = 50, offset = 0 } = {})", "scope": "itineraryApi", "scopeKind": "class"}, {"_type": "tag", "name": "normalizeItineraryItem", "path": "/home/kavia/workspace/code-generation/travel-planner-pro-214723-214733/travel_planner_frontend/src/api/itinerary.js", "pattern": "/^function normalizeItineraryItem(it) {$/", "language": "JavaScript", "kind": "function", "signature": "(it)"}, {"_type": "tag", "name": "res", "path": "/home/kavia/workspace/code-generation/travel-planner-pro-214723-214733/travel_planner_frontend/src/api/itinerary.js", "pattern": "/^    const res = await apiClient.delete($/", "language": "JavaScript", "kind": "constant", "scope": "itineraryApi", "scopeKind": "class"}, {"_type": "tag", "name": "res", "path": "/home/kavia/workspace/code-generation/travel-planner-pro-214723-214733/travel_planner_frontend/src/api/itinerary.js", "pattern": "/^    const res = await apiClient.get($/", "language": "JavaScript", "kind": "constant", "scope": "itineraryApi", "scopeKind": "class"}, {"_type": "tag", "name": "res", "path": "/home/kavia/workspace/code-generation/travel-planner-pro-214723-214733/travel_planner_frontend/src/api/itinerary.js", "pattern": "/^    const res = await apiClient.patch($/", "language": "JavaScript", "kind": "constant", "scope": "itineraryApi", "scopeKind": "class"}, {"_type": "tag", "name": "res", "path": "/home/kavia/workspace/code-generation/travel-planner-pro-214723-214733/travel_planner_frontend/src/api/itinerary.js", "pattern": "/^    const res = await apiClient.post($/", "language": "JavaScript", "kind": "constant", "scope": "itineraryApi", "scopeKind": "class"}], "hash": "6829017ce8da55f61a5ac5caaeeeb01f", "format-version": 4, "code-base-name": "travel_planner_frontend", "filename": "travel_planner_frontend/src/api/itinerary.js", "revision_history": [{"66": ""}]}