{"is_source_file": true, "format": "JavaScript (React JSX)", "description": "A React component for displaying a trip calendar with itinerary items, notes, and reminders. Includes logic for date derivation, navigation, data fetching, and rendering detailed day views.", "external_files": ["../../components/CalendarGrid", "../../components/ToastProvider", "../../hooks/useItinerary", "../../hooks/useNotes", "../../hooks/useReminders", "../../utils/date"], "external_methods": ["useToasts", "useSearchParams", "parseMonthKey", "getTodayMonthKey", "getMonthInfo", "toDateKey", "formatDateKeyHuman"], "published": ["TripCalendarTab"], "classes": [], "methods": [{"name": "dateKeyFromItineraryItem(it, tripStartDate)", "description": "Derives a date key from an itinerary item, considering various possible fields like start_time, start_at, day number, or day label.", "scope": "", "scopeKind": ""}, {"name": "dateKeyFromNote(n)", "description": "Derives a date key from a note based on its timestamp fields.", "scope": "", "scopeKind": ""}, {"name": "dateKeyFromReminder(r)", "description": "Derives a date key from a reminder based on its timestamp fields.", "scope": "", "scopeKind": ""}, {"name": "TripCalendarTab({ trip })", "scope": "", "scopeKind": "", "description": "unavailable"}], "calls": ["useToasts", "useSearchParams", "parseMonthKey", "getTodayMonthKey", "getMonthInfo", "toDateKey", "formatDateKeyHuman", "useItinerary", "useNotes", "useReminders", "dayjs", "setSearchParams", "getMonthInfo", "navigate", "pushToast", "useMemo", "reload", "deleteItem", "deleteNote", "deleteReminder", "dayjs().add", "dayjs().subtract"], "search-terms": ["TripCalendarTab", "dateKeyFromItineraryItem", "useReminders", "useNotes", "useItinerary", "CalendarGrid", "monthKey", "selectedDateKey", "dayjs", "trip", "Calendar", "Navigation", "UI"], "state": 2, "file_id": 35, "knowledge_revision": 90, "git_revision": "1e02bfb56ddc64dd414f6d45de2a449fbacf8d86", "revision_history": [{"85": ""}, {"90": "1e02bfb56ddc64dd414f6d45de2a449fbacf8d86"}], "ctags": [{"_type": "tag", "name": "TripCalendarTab", "path": "/home/kavia/workspace/code-generation/travel-planner-pro-214723-214733/travel_planner_frontend/src/pages/trip/TripCalendarTab.js", "pattern": "/^export function TripCalendarTab({ trip }) {$/", "language": "JavaScript", "kind": "function", "signature": "({ trip })"}, {"_type": "tag", "name": "[ \"tp-badge\", itineraryState.usingMock || notesState.usingMock || remindersState.usingMock ? \"tp-badge-info\" : \"tp-badge-success\", ]", "path": "/home/kavia/workspace/code-generation/travel-planner-pro-214723-214733/travel_planner_frontend/src/pages/trip/TripCalendarTab.js", "pattern": "/^            \"tp-badge\",$/", "language": "JavaScript", "kind": "field", "scope": "className", "scopeKind": "class"}, {"_type": "tag", "name": "countsByDate", "path": "/home/kavia/workspace/code-generation/travel-planner-pro-214723-214733/travel_planner_frontend/src/pages/trip/TripCalendarTab.js", "pattern": "/^            countsByDate={countsByDate}$/", "language": "JavaScript", "kind": "field", "scope": "countsByDate", "scopeKind": "class"}, {"_type": "tag", "name": "dateKeyFromItineraryItem", "path": "/home/kavia/workspace/code-generation/travel-planner-pro-214723-214733/travel_planner_frontend/src/pages/trip/TripCalendarTab.js", "pattern": "/^function dateKeyFromItineraryItem(it, tripStartDate) {$/", "language": "JavaScript", "kind": "function", "signature": "(it, tripStartDate)"}, {"_type": "tag", "name": "dateKeyFromNote", "path": "/home/kavia/workspace/code-generation/travel-planner-pro-214723-214733/travel_planner_frontend/src/pages/trip/TripCalendarTab.js", "pattern": "/^function dateKeyFromNote(n) {$/", "language": "JavaScript", "kind": "function", "signature": "(n)"}, {"_type": "tag", "name": "dateKeyFromReminder", "path": "/home/kavia/workspace/code-generation/travel-planner-pro-214723-214733/travel_planner_frontend/src/pages/trip/TripCalendarTab.js", "pattern": "/^function dateKeyFromReminder(r) {$/", "language": "JavaScript", "kind": "function", "signature": "(r)"}, {"_type": "tag", "name": "monthKey", "path": "/home/kavia/workspace/code-generation/travel-planner-pro-214723-214733/travel_planner_frontend/src/pages/trip/TripCalendarTab.js", "pattern": "/^            monthKey={monthKey}$/", "language": "JavaScript", "kind": "field", "scope": "monthKey", "scopeKind": "class"}, {"_type": "tag", "name": "selectedDateKey", "path": "/home/kavia/workspace/code-generation/travel-planner-pro-214723-214733/travel_planner_frontend/src/pages/trip/TripCalendarTab.js", "pattern": "/^            selectedDateKey={selectedDateKey}$/", "language": "JavaScript", "kind": "field", "scope": "selectedDateKey", "scopeKind": "class"}], "hash": "898b938ae977d10d1fee9a7d2b39f356", "format-version": 4, "code-base-name": "travel_planner_frontend", "filename": "travel_planner_frontend/src/pages/trip/TripCalendarTab.js", "fields": [{"name": "\"tp-badge\",", "scope": "className", "scopeKind": "class", "description": "unavailable"}, {"name": "countsByDate={countsByDate}", "scope": "countsByDate", "scopeKind": "class", "description": "unavailable"}, {"name": "monthKey={monthKey}", "scope": "monthKey", "scopeKind": "class", "description": "unavailable"}, {"name": "selectedDateKey={selectedDateKey}", "scope": "selectedDateKey", "scopeKind": "class", "description": "unavailable"}]}