{"is_source_file": true, "format": "JavaScript", "description": "This file defines a React component named CalendarGrid, which renders a calendar month grid with day badges and handles user interactions such as date selection. It uses utility functions to generate calendar cells and displays per-day counts for itinerary, notes, and reminders.", "external_files": ["../utils/date"], "external_methods": ["getMonthGridCells"], "published": ["CalendarGrid"], "classes": [], "methods": [{"name": "CalendarGrid({ monthKey, selectedDateKey, countsByDate, onSelectDate })", "description": "React functional component that renders a month-view calendar grid with selectable dates, badges for counts, and accessibility features.", "scope": "", "scopeKind": ""}], "calls": ["getMonthGridCells(monthKey)"], "search-terms": ["CalendarGrid", "monthKey", "selectedDateKey", "countsByDate", "onSelectDate", "dateKey", "day badges", "React calendar component"], "state": 2, "file_id": 34, "knowledge_revision": 83, "git_revision": "", "ctags": [{"_type": "tag", "name": "CalendarGrid", "path": "/home/kavia/workspace/code-generation/travel-planner-pro-214723-214733/travel_planner_frontend/src/components/CalendarGrid.js", "pattern": "/^export function CalendarGrid({ monthKey, selectedDateKey, countsByDate, onSelectDate }) {$/", "language": "JavaScript", "kind": "function", "signature": "({ monthKey, selectedDateKey, countsByDate, onSelectDate })"}, {"_type": "tag", "name": "DOW", "path": "/home/kavia/workspace/code-generation/travel-planner-pro-214723-214733/travel_planner_frontend/src/components/CalendarGrid.js", "pattern": "/^const DOW = [\"Mon\", \"Tue\", \"Wed\", \"Thu\", \"Fri\", \"Sat\", \"Sun\"];$/", "language": "JavaScript", "kind": "constant"}], "hash": "388f179f88361f166dde3077686451e2", "format-version": 4, "code-base-name": "travel_planner_frontend", "filename": "travel_planner_frontend/src/components/CalendarGrid.js", "revision_history": [{"83": ""}]}