{"is_source_file": true, "format": "JavaScript", "description": "React hook 'useTrips' managing trip data with CRUD operations and mock fallback, using hooks like useState, useEffect, useCallback, and useRef; interacts with external API 'tripsApi'.", "external_files": ["../api/trips", "../mocks/data"], "external_methods": ["tripsApi.listTrips", "tripsApi.createTrip", "tripsApi.updateTrip", "tripsApi.deleteTrip"], "published": ["useTrips"], "classes": [], "methods": [{"name": "useTrips()", "description": "Main hook managing trips state and CRUD operations with mock fallback.", "scope": "", "scopeKind": ""}], "calls": ["react.useCallback", "react.useEffect", "react.useMemo", "react.useRef", "react.useState", "tripsApi.listTrips", "tripsApi.createTrip", "tripsApi.updateTrip", "tripsApi.deleteTrip"], "search-terms": ["useTrips", "React hook", "tripsApi", "mockTrips", "trip management", "CRUD operations", "useCallback", "useEffect", "useRef", "useState"], "state": 2, "file_id": 26, "knowledge_revision": 60, "git_revision": "", "ctags": [{"_type": "tag", "name": "useTrips", "path": "/home/kavia/workspace/code-generation/travel-planner-pro-214723-214733/travel_planner_frontend/src/hooks/useTrips.js", "pattern": "/^export function useTrips() {$/", "language": "JavaScript", "kind": "function", "signature": "()"}], "hash": "6487d4d6b3aa6a7279871a611d36f468", "format-version": 4, "code-base-name": "travel_planner_frontend", "filename": "travel_planner_frontend/src/hooks/useTrips.js", "revision_history": [{"60": ""}]}