{"is_source_file": true, "format": "JavaScript (React JSX)", "description": "This is the main frontend application file for a travel planner web app. It sets up routing, layout, and top-level components such as the app header, sidebar, and main content area. It also manages some UI state and interactions, like displaying backend status and API information.", "external_files": ["./components/TripsList", "./components/ToastProvider", "./mocks/data", "./pages/DestinationSearchPage", "./pages/TripDetailLayout", "./pages/TripsHomePage", "./config/env", "./App.css"], "external_methods": ["isBackendEnabled()", "getApiBaseUrl()", "useMemo()", "useLocation()", "pushToast()"], "published": ["App"], "classes": [], "methods": [{"name": "TopbarStatus()", "description": "A React functional component that displays the application's header info, including location path, backend status, and an info button to show API base URL via toast notifications.", "scope": "", "scopeKind": ""}, {"name": "App()", "scope": "", "scopeKind": "", "description": "unavailable"}], "calls": ["useMemo", "isBackendEnabled", "getApiBaseUrl", "useLocation", "pushToast"], "search-terms": ["TopbarStatus", "Travel Planner", "API Info Button", "Routing setup", "React Routes"], "state": 2, "file_id": 3, "knowledge_revision": 41, "git_revision": "1b92b5aae4d4f80c487316072b1ea613ef650341", "revision_history": [{"19": "1b92b5aae4d4f80c487316072b1ea613ef650341"}, {"41": "1b92b5aae4d4f80c487316072b1ea613ef650341"}], "ctags": [{"_type": "tag", "name": "App", "path": "/home/kavia/workspace/code-generation/travel-planner-pro-214723-214733/travel_planner_frontend/src/App.js", "pattern": "/^function App() {$/", "language": "JavaScript", "kind": "function", "signature": "()"}, {"_type": "tag", "name": "TopbarStatus", "path": "/home/kavia/workspace/code-generation/travel-planner-pro-214723-214733/travel_planner_frontend/src/App.js", "pattern": "/^function TopbarStatus() {$/", "language": "JavaScript", "kind": "function", "signature": "()"}, {"_type": "tag", "name": "trips", "path": "/home/kavia/workspace/code-generation/travel-planner-pro-214723-214733/travel_planner_frontend/src/App.js", "pattern": "/^              <Route path=\"\\/trips\" element={<TripsHomePage trips={trips} \\/>} \\/>$/", "language": "JavaScript", "kind": "field", "scope": "App.AnonymousClassfe0568af0101", "scopeKind": "class"}, {"_type": "tag", "name": "trips", "path": "/home/kavia/workspace/code-generation/travel-planner-pro-214723-214733/travel_planner_frontend/src/App.js", "pattern": "/^              <Route path=\"\\/trips\\/:tripId\\/*\" element={<TripDetailLayout trips={trips} \\/>} \\//", "language": "JavaScript", "kind": "field", "scope": "App.AnonymousClassfe0568af0201", "scopeKind": "class"}, {"_type": "tag", "name": "trips", "path": "/home/kavia/workspace/code-generation/travel-planner-pro-214723-214733/travel_planner_frontend/src/App.js", "pattern": "/^          <TripsList trips={trips} \\/>$/", "language": "JavaScript", "kind": "field", "scope": "App.and", "scopeKind": "class"}], "hash": "7587dfb4a224d80e9d644cb4e180fa10", "format-version": 4, "code-base-name": "travel_planner_frontend", "filename": "travel_planner_frontend/src/App.js", "fields": [{"name": "<Route path=\"\\/trips\" element={<TripsHomePage trips={trips} \\/>} \\/>", "scope": "App.AnonymousClassfe0568af0101", "scopeKind": "class", "description": "unavailable"}, {"name": "<Route path=\"\\/trips\\/:tripId\\/*\" element={<TripDetailLayout trips={trips} \\/>} \\//", "scope": "App.AnonymousClassfe0568af0201", "scopeKind": "class", "description": "unavailable"}, {"name": "<TripsList trips={trips} \\/>", "scope": "App.and", "scopeKind": "class", "description": "unavailable"}]}