{"is_source_file": true, "format": "JavaScript (React JSX)", "description": "React component for the Trips Home Page that displays a list of trips and links to search destinations and trip details.", "external_files": ["react", "react-router-dom"], "external_methods": ["Link from react-router-dom"], "published": ["TripsHomePage"], "classes": [], "methods": [{"name": "TripsHomePage({ trips })", "description": "A React functional component that displays trips and navigation links.", "scope": "", "scopeKind": ""}], "calls": ["react", "react-router-dom.Link"], "search-terms": ["TripsHomePage", "react-router-dom", "React component", "trips list", "Trip itinerary link", "destination search"], "state": 2, "file_id": 19, "knowledge_revision": 45, "git_revision": "", "ctags": [{"_type": "tag", "name": "TripsHomePage", "path": "/home/kavia/workspace/code-generation/travel-planner-pro-214723-214733/travel_planner_frontend/src/pages/TripsHomePage.js", "pattern": "/^export function TripsHomePage({ trips }) {$/", "language": "JavaScript", "kind": "function", "signature": "({ trips })"}], "hash": "c0b49cd210a075a568b5ad383c0bb4c7", "format-version": 4, "code-base-name": "travel_planner_frontend", "filename": "travel_planner_frontend/src/pages/TripsHomePage.js", "revision_history": [{"45": ""}]}