{"is_source_file": true, "format": "JavaScript (React/JSX)", "description": "This file sets up the entry point for a React application, rendering the root component inside a strict mode and a router context.", "external_files": ["react", "react-dom/client", "react-router-dom", "./index.css", "./App"], "external_methods": ["ReactDOM.createRoot", "root.render"], "published": [], "classes": [], "methods": [{"name": "ReactDOM.createRoot", "description": "Creates a root to render the React component tree."}, {"name": "root.render", "description": "Renders the React element tree into the DOM."}], "calls": ["ReactDOM.createRoot", "root.render"], "search-terms": ["React", "ReactDOM", "BrowserRouter", "index.js", "application entry point", "root element"], "state": 2, "file_id": 6, "knowledge_revision": 42, "git_revision": "1b92b5aae4d4f80c487316072b1ea613ef650341", "revision_history": [{"25": "1b92b5aae4d4f80c487316072b1ea613ef650341"}, {"42": "1b92b5aae4d4f80c487316072b1ea613ef650341"}], "ctags": [{"_type": "tag", "name": "root", "path": "/home/kavia/workspace/code-generation/travel-planner-pro-214723-214733/travel_planner_frontend/src/index.js", "pattern": "/^const root = ReactDOM.createRoot(document.getElementById(\"root\"));$/", "language": "JavaScript", "kind": "constant"}], "hash": "cdf2a45db864983860baaaa16173e219", "format-version": 4, "code-base-name": "travel_planner_frontend", "filename": "travel_planner_frontend/src/index.js"}