{"is_source_file": false, "format": "", "description": "", "external_files": [], "external_methods": [], "published": [], "classes": [], "methods": [], "calls": [], "search-terms": [], "state": 2, "file_id": 8, "knowledge_revision": 18, "git_revision": "1b92b5aae4d4f80c487316072b1ea613ef650341", "hash": "d2b40d02d5f7873d8a6713bad837edd4", "format-version": 4, "code-base-name": "travel_planner_frontend", "filename": "travel_planner_frontend/public/index.html", "revision_history": [{"18": "1b92b5aae4d4f80c487316072b1ea613ef650341"}]}