{"is_source_file": true, "format": "JavaScript", "description": "This file provides utility functions for handling date operations using the dayjs library, including formatting dates, generating month information, creating calendar grids, and parsing date strings.", "external_files": ["dayjs"], "external_methods": ["dayjs()", "dayjs.prototype.isValid()", "dayjs.prototype.format()", "dayjs.prototype.startOf()", "dayjs.prototype.month()", "dayjs.prototype.year()", "dayjs.prototype.isSame()", "dayjs.prototype.subtract()", "dayjs.prototype.add()"], "published": ["toDateKey", "formatDateKeyHuman", "getMonthInfo", "getMonthGridCells", "parseMonthKey", "getTodayMonthKey"], "classes": [], "methods": [{"name": "toDateKey(value)", "description": "Converts a Date, string, number, or dayjs object into a YYYY-MM-DD formatted date string or returns null if invalid.", "scope": "", "scopeKind": ""}, {"name": "formatDateKeyHuman(dateKey)", "description": "Converts a YYYY-MM-DD date string into a human-readable format like 'Mon, Jan 1, 2023'. Returns the original string if invalid.", "scope": "", "scopeKind": ""}, {"name": "getMonthInfo(value)", "description": "Generates an object containing year, month index, month key, and label for the month specified by the input.", "scope": "", "scopeKind": ""}, {"name": "getMonthGridCells(monthKey)", "description": "Returns an array of 42 cells representing a month grid (6 weeks x 7 days), with each cell indicating if it's in the month and if it's today.", "scope": "", "scopeKind": ""}, {"name": "parseMonthKey(raw)", "description": "Parses a raw month key string (YYYY-MM) and returns a validated month key or null if invalid.", "scope": "", "scopeKind": ""}, {"name": "getTodayMonthKey()", "description": "Returns the current month in YYYY-MM format.", "scope": "", "scopeKind": ""}], "calls": ["dayjs()", "d.isValid()", "d.format()", "d.startOf()", "d.month()", "d.year()", "d.isSame()", "d.subtract()", "dayjs()"], "search-terms": ["date utility functions", "month grid calculations", "dayjs", "date formatting", "month info", "calendar grid", "parse month key"], "state": 2, "file_id": 33, "knowledge_revision": 81, "git_revision": "", "ctags": [{"_type": "tag", "name": "formatDateKeyHuman", "path": "/home/kavia/workspace/code-generation/travel-planner-pro-214723-214733/travel_planner_frontend/src/utils/date.js", "pattern": "/^export function formatDateKeyHuman(dateKey) {$/", "language": "JavaScript", "kind": "function", "signature": "(dateKey)"}, {"_type": "tag", "name": "getMonthGridCells", "path": "/home/kavia/workspace/code-generation/travel-planner-pro-214723-214733/travel_planner_frontend/src/utils/date.js", "pattern": "/^export function getMonthGridCells(monthKey) {$/", "language": "JavaScript", "kind": "function", "signature": "(monthKey)"}, {"_type": "tag", "name": "getMonthInfo", "path": "/home/kavia/workspace/code-generation/travel-planner-pro-214723-214733/travel_planner_frontend/src/utils/date.js", "pattern": "/^export function getMonthInfo(value) {$/", "language": "JavaScript", "kind": "function", "signature": "(value)"}, {"_type": "tag", "name": "getTodayMonthKey", "path": "/home/kavia/workspace/code-generation/travel-planner-pro-214723-214733/travel_planner_frontend/src/utils/date.js", "pattern": "/^export function getTodayMonthKey() {$/", "language": "JavaScript", "kind": "function", "signature": "()"}, {"_type": "tag", "name": "parseMonthKey", "path": "/home/kavia/workspace/code-generation/travel-planner-pro-214723-214733/travel_planner_frontend/src/utils/date.js", "pattern": "/^export function parseMonthKey(raw) {$/", "language": "JavaScript", "kind": "function", "signature": "(raw)"}, {"_type": "tag", "name": "toDateKey", "path": "/home/kavia/workspace/code-generation/travel-planner-pro-214723-214733/travel_planner_frontend/src/utils/date.js", "pattern": "/^export function toDateKey(value) {$/", "language": "JavaScript", "kind": "function", "signature": "(value)"}], "hash": "a5d9377529f2836a419ff03a3edf46e3", "format-version": 4, "code-base-name": "travel_planner_frontend", "filename": "travel_planner_frontend/src/utils/date.js", "revision_history": [{"81": ""}]}