{"is_source_file": true, "format": "JavaScript", "description": "This file defines an API client wrapper for making HTTP requests using axios, including error normalization and feature-flagged backend call support.", "external_files": ["../config/env"], "external_methods": ["axios.isAxiosError", "getApiBaseUrl", "isBackendEnabled"], "published": ["apiClient"], "classes": [], "methods": [{"name": "normalizeError(err)", "description": "Normalizes axios and generic errors to a consistent error object shape for UI consumption.", "scope": "", "scopeKind": ""}], "calls": ["axios.create", "axios.isAxiosError", "http.get", "http.post", "http.patch", "http.delete", "getApiBaseUrl", "isBackendEnabled"], "search-terms": ["apiClient", "axios", "normalizeError", "HTTP wrappers", "feature-flagged requests"], "state": 2, "file_id": 14, "knowledge_revision": 58, "git_revision": "a207c6b616230db15eb14953ef4d463477b8fa18", "revision_history": [{"32": ""}, {"58": "a207c6b616230db15eb14953ef4d463477b8fa18"}], "ctags": [{"_type": "tag", "name": "apiClient", "path": "/home/kavia/workspace/code-generation/travel-planner-pro-214723-214733/travel_planner_frontend/src/api/client.js", "pattern": "/^export const apiClient = {$/", "language": "JavaScript", "kind": "constant"}, {"_type": "tag", "name": "http", "path": "/home/kavia/workspace/code-generation/travel-planner-pro-214723-214733/travel_planner_frontend/src/api/client.js", "pattern": "/^const http = axios.create({$/", "language": "JavaScript", "kind": "constant"}, {"_type": "tag", "name": "normalizeError", "path": "/home/kavia/workspace/code-generation/travel-planner-pro-214723-214733/travel_planner_frontend/src/api/client.js", "pattern": "/^function normalizeError(err) {$/", "language": "JavaScript", "kind": "function", "signature": "(err)"}, {"_type": "tag", "name": "res", "path": "/home/kavia/workspace/code-generation/travel-planner-pro-214723-214733/travel_planner_frontend/src/api/client.js", "pattern": "/^    const res = await http.delete(url, config);$/", "language": "JavaScript", "kind": "constant", "scope": "apiClient", "scopeKind": "class"}, {"_type": "tag", "name": "res", "path": "/home/kavia/workspace/code-generation/travel-planner-pro-214723-214733/travel_planner_frontend/src/api/client.js", "pattern": "/^    const res = await http.get(url, config);$/", "language": "JavaScript", "kind": "constant", "scope": "apiClient", "scopeKind": "class"}, {"_type": "tag", "name": "res", "path": "/home/kavia/workspace/code-generation/travel-planner-pro-214723-214733/travel_planner_frontend/src/api/client.js", "pattern": "/^    const res = await http.patch(url, body, config);$/", "language": "JavaScript", "kind": "constant", "scope": "apiClient", "scopeKind": "class"}, {"_type": "tag", "name": "res", "path": "/home/kavia/workspace/code-generation/travel-planner-pro-214723-214733/travel_planner_frontend/src/api/client.js", "pattern": "/^    const res = await http.post(url, body, config);$/", "language": "JavaScript", "kind": "constant", "scope": "apiClient", "scopeKind": "class"}], "hash": "031b263656cae0810ae78cb88f40b8b3", "format-version": 4, "code-base-name": "travel_planner_frontend", "filename": "travel_planner_frontend/src/api/client.js"}