{"is_source_file": true, "format": "JavaScript", "description": "React component for trip detail page layout with nested tab routes for itinerary, notes, and reminders.", "external_files": ["./trip/TripItineraryTab", "./trip/TripNotesTab", "./trip/TripRemindersTab"], "external_methods": ["React", "useMemo", "NavLink", "Route", "Routes", "useParams"], "published": ["TripDetailLayout"], "classes": [], "methods": [{"name": "TripDetailLayout({ trips })", "description": "Main component rendering trip details and nested tab routes based on tripId parameter.", "scope": "", "scopeKind": ""}], "calls": ["useParams()", "useMemo()", "trips.find()", "trips.find((t) => t.id === tripId)", "routes", "Route", "Routes", "NavLink"], "search-terms": ["TripDetailLayout", "react-router-dom", "trip detail page", "nested routes", "tripId", "trip data", "trip name", "trip dateRange", "trip destinations", "tab navigation"], "state": 2, "file_id": 20, "knowledge_revision": 46, "git_revision": "", "ctags": [{"_type": "tag", "name": "TripDetailLayout", "path": "/home/kavia/workspace/code-generation/travel-planner-pro-214723-214733/travel_planner_frontend/src/pages/TripDetailLayout.js", "pattern": "/^export function TripDetailLayout({ trips }) {$/", "language": "JavaScript", "kind": "function", "signature": "({ trips })"}, {"_type": "tag", "name": "trip", "path": "/home/kavia/workspace/code-generation/travel-planner-pro-214723-214733/travel_planner_frontend/src/pages/TripDetailLayout.js", "pattern": "/^          <Route path=\"*\" element={<TripItineraryTab trip={trip} \\/>} \\/>$/", "language": "JavaScript", "kind": "field", "scope": "TripDetailLayout.AnonymousClass224da89d0401", "scopeKind": "class"}, {"_type": "tag", "name": "trip", "path": "/home/kavia/workspace/code-generation/travel-planner-pro-214723-214733/travel_planner_frontend/src/pages/TripDetailLayout.js", "pattern": "/^          <Route path=\"itinerary\" element={<TripItineraryTab trip={trip} \\/>} \\/>$/", "language": "JavaScript", "kind": "field", "scope": "TripDetailLayout.AnonymousClass224da89d0101", "scopeKind": "class"}, {"_type": "tag", "name": "trip", "path": "/home/kavia/workspace/code-generation/travel-planner-pro-214723-214733/travel_planner_frontend/src/pages/TripDetailLayout.js", "pattern": "/^          <Route path=\"notes\" element={<TripNotesTab trip={trip} \\/>} \\/>$/", "language": "JavaScript", "kind": "field", "scope": "TripDetailLayout.AnonymousClass224da89d0201", "scopeKind": "class"}, {"_type": "tag", "name": "trip", "path": "/home/kavia/workspace/code-generation/travel-planner-pro-214723-214733/travel_planner_frontend/src/pages/TripDetailLayout.js", "pattern": "/^          <Route path=\"reminders\" element={<TripRemindersTab trip={trip} \\/>} \\/>$/", "language": "JavaScript", "kind": "field", "scope": "TripDetailLayout.AnonymousClass224da89d0301", "scopeKind": "class"}], "hash": "391ed7de7757ab7e28565bfa67d8296a", "format-version": 4, "code-base-name": "travel_planner_frontend", "filename": "travel_planner_frontend/src/pages/TripDetailLayout.js", "fields": [{"name": "<Route path=\"*\" element={<TripItineraryTab trip={trip} \\/>} \\/>", "scope": "TripDetailLayout.AnonymousClass224da89d0401", "scopeKind": "class", "description": "unavailable"}, {"name": "<Route path=\"itinerary\" element={<TripItineraryTab trip={trip} \\/>} \\/>", "scope": "TripDetailLayout.AnonymousClass224da89d0101", "scopeKind": "class", "description": "unavailable"}, {"name": "<Route path=\"notes\" element={<TripNotesTab trip={trip} \\/>} \\/>", "scope": "TripDetailLayout.AnonymousClass224da89d0201", "scopeKind": "class", "description": "unavailable"}, {"name": "<Route path=\"reminders\" element={<TripRemindersTab trip={trip} \\/>} \\/>", "scope": "TripDetailLayout.AnonymousClass224da89d0301", "scopeKind": "class", "description": "unavailable"}], "revision_history": [{"46": ""}]}