{"is_source_file": true, "format": "JavaScript", "description": "This file provides utility functions for accessing environment variables within a React app, including retrieving strings, URLs, parsing feature flags, and enabling backend calls based on environment configuration.", "external_files": ["process.env"], "external_methods": ["JSON.parse"], "published": ["getEnvString", "getApiBaseUrl", "getFeatureFlags", "isBackendEnabled"], "classes": [], "methods": [{"name": "getEnvString(key, fallback)", "description": "Retrieves an environment variable value as a string, falling back to a default if undefined, null, or empty.", "scope": "", "scopeKind": ""}, {"name": "getApiBaseUrl()", "description": "Returns the API base URL from environment variables, defaulting to 'http://localhost:3001'.", "scope": "", "scopeKind": ""}, {"name": "getFeatureFlags()", "description": "Parses the 'REACT_APP_FEATURE_FLAGS' environment variable as JSON, returning an object or empty object on failure.", "scope": "", "scopeKind": ""}, {"name": "isBackendEnabled()", "description": "Determines whether backend calls are enabled based on environment variable, defaulting to false.", "scope": "", "scopeKind": ""}], "calls": ["process.env[key]", "JSON.parse"], "search-terms": ["env variable access", "React environment", "feature flags", "API URL", "backend enable"], "state": 2, "file_id": 13, "knowledge_revision": 30, "git_revision": "", "ctags": [{"_type": "tag", "name": "getApiBaseUrl", "path": "/home/kavia/workspace/code-generation/travel-planner-pro-214723-214733/travel_planner_frontend/src/config/env.js", "pattern": "/^export function getApiBaseUrl() {$/", "language": "JavaScript", "kind": "function", "signature": "()"}, {"_type": "tag", "name": "getEnvString", "path": "/home/kavia/workspace/code-generation/travel-planner-pro-214723-214733/travel_planner_frontend/src/config/env.js", "pattern": "/^export function getEnvString(key, fallback) {$/", "language": "JavaScript", "kind": "function", "signature": "(key, fallback)"}, {"_type": "tag", "name": "getFeatureFlags", "path": "/home/kavia/workspace/code-generation/travel-planner-pro-214723-214733/travel_planner_frontend/src/config/env.js", "pattern": "/^export function getFeatureFlags() {$/", "language": "JavaScript", "kind": "function", "signature": "()"}, {"_type": "tag", "name": "isBackendEnabled", "path": "/home/kavia/workspace/code-generation/travel-planner-pro-214723-214733/travel_planner_frontend/src/config/env.js", "pattern": "/^export function isBackendEnabled() {$/", "language": "JavaScript", "kind": "function", "signature": "()"}], "hash": "a1a7ab7ddd5a19f7cd6fe8a907e1b01e", "format-version": 4, "code-base-name": "travel_planner_frontend", "filename": "travel_planner_frontend/src/config/env.js", "revision_history": [{"30": ""}]}