{"is_source_file": false, "format": "CSS", "description": "This file contains CSS styles and variables defining a modern, light-themed UI with retro touches for a travel planner application's front-end. It includes styles for layout, buttons, inputs, sidebar, calendar components, badges, and responsiveness.", "external_files": [], "external_methods": [], "published": [], "classes": [], "methods": [], "calls": [], "search-terms": ["travel-planner-front-end", "CSS theme", "UI styles", "calendar styles", "responsive layout"], "state": 2, "file_id": 5, "knowledge_revision": 94, "git_revision": "1e02bfb56ddc64dd414f6d45de2a449fbacf8d86", "hash": "1132790fa13a2c5e627f973de2a3eb21", "format-version": 4, "code-base-name": "travel_planner_frontend", "filename": "travel_planner_frontend/src/App.css", "revision_history": [{"94": "1e02bfb56ddc64dd414f6d45de2a449fbacf8d86"}]}