{"is_source_file": false, "format": "", "description": "", "external_files": [], "external_methods": [], "published": [], "classes": [], "methods": [], "calls": [], "search-terms": [], "state": 2, "file_id": 36, "knowledge_revision": 97, "git_revision": "a207c6b616230db15eb14953ef4d463477b8fa18", "hash": "61ef14a9780590487a39b4e28c74e95a", "format-version": 4, "code-base-name": "travel_planner_frontend", "filename": "travel_planner_frontend/interfaces/backend_openapi.json", "revision_history": [{"97": "a207c6b616230db15eb14953ef4d463477b8fa18"}]}