{"is_source_file": true, "format": "JavaScript", "description": "This file contains mock datasets for a travel planning application's frontend, including trips, itinerary items, notes, reminders, and destination results used for UI development before backend integration.", "external_files": [], "external_methods": [], "published": ["mockTrips", "mockItineraryItems", "mockNotes", "mockReminders", "mockDestinationResults"], "classes": [], "methods": [], "calls": [], "search-terms": ["mockTrips", "mockItineraryItems", "mockNotes", "mockReminders", "mockDestinationResults", "travel-planner"], "state": 2, "file_id": 17, "knowledge_revision": 38, "git_revision": "", "ctags": [{"_type": "tag", "name": "mockDestinationResults", "path": "/home/kavia/workspace/code-generation/travel-planner-pro-214723-214733/travel_planner_frontend/src/mocks/data.js", "pattern": "/^export const mockDestinationResults = [$/", "language": "JavaScript", "kind": "constant"}, {"_type": "tag", "name": "mockItineraryItems", "path": "/home/kavia/workspace/code-generation/travel-planner-pro-214723-214733/travel_planner_frontend/src/mocks/data.js", "pattern": "/^export const mockItineraryItems = {$/", "language": "JavaScript", "kind": "class"}, {"_type": "tag", "name": "mockNotes", "path": "/home/kavia/workspace/code-generation/travel-planner-pro-214723-214733/travel_planner_frontend/src/mocks/data.js", "pattern": "/^export const mockNotes = {$/", "language": "JavaScript", "kind": "class"}, {"_type": "tag", "name": "mockReminders", "path": "/home/kavia/workspace/code-generation/travel-planner-pro-214723-214733/travel_planner_frontend/src/mocks/data.js", "pattern": "/^export const mockReminders = {$/", "language": "JavaScript", "kind": "class"}, {"_type": "tag", "name": "mockTrips", "path": "/home/kavia/workspace/code-generation/travel-planner-pro-214723-214733/travel_planner_frontend/src/mocks/data.js", "pattern": "/^export const mockTrips = [$/", "language": "JavaScript", "kind": "constant"}, {"_type": "tag", "name": "t1", "path": "/home/kavia/workspace/code-generation/travel-planner-pro-214723-214733/travel_planner_frontend/src/mocks/data.js", "pattern": "/^  t1: [$/", "language": "JavaScript", "kind": "property", "scope": "mockItineraryItems", "scopeKind": "class"}, {"_type": "tag", "name": "t1", "path": "/home/kavia/workspace/code-generation/travel-planner-pro-214723-214733/travel_planner_frontend/src/mocks/data.js", "pattern": "/^  t1: [\"Buy Suica card\", \"Book Gion evening tour\"],$/", "language": "JavaScript", "kind": "property", "scope": "mockNotes", "scopeKind": "class"}, {"_type": "tag", "name": "t1", "path": "/home/kavia/workspace/code-generation/travel-planner-pro-214723-214733/travel_planner_frontend/src/mocks/data.js", "pattern": "/^  t1: [\"Check passport expiration\", \"Download offline maps\"],$/", "language": "JavaScript", "kind": "property", "scope": "mockReminders", "scopeKind": "class"}, {"_type": "tag", "name": "t2", "path": "/home/kavia/workspace/code-generation/travel-planner-pro-214723-214733/travel_planner_frontend/src/mocks/data.js", "pattern": "/^  t2: [$/", "language": "JavaScript", "kind": "property", "scope": "mockItineraryItems", "scopeKind": "class"}, {"_type": "tag", "name": "t2", "path": "/home/kavia/workspace/code-generation/travel-planner-pro-214723-214733/travel_planner_frontend/src/mocks/data.js", "pattern": "/^  t2: [\"Confirm hotel check-in time\"],$/", "language": "JavaScript", "kind": "property", "scope": "mockReminders", "scopeKind": "class"}, {"_type": "tag", "name": "t2", "path": "/home/kavia/workspace/code-generation/travel-planner-pro-214723-214733/travel_planner_frontend/src/mocks/data.js", "pattern": "/^  t2: [\"Try pastel de nata at Manteigaria\"],$/", "language": "JavaScript", "kind": "property", "scope": "mockNotes", "scopeKind": "class"}, {"_type": "tag", "name": "t3", "path": "/home/kavia/workspace/code-generation/travel-planner-pro-214723-214733/travel_planner_frontend/src/mocks/data.js", "pattern": "/^  t3: [$/", "language": "JavaScript", "kind": "property", "scope": "mockItineraryItems", "scopeKind": "class"}, {"_type": "tag", "name": "t3", "path": "/home/kavia/workspace/code-generation/travel-planner-pro-214723-214733/travel_planner_frontend/src/mocks/data.js", "pattern": "/^  t3: [\"Pack waterproof layers\", \"Rent a 4x4 if possible\"],$/", "language": "JavaScript", "kind": "property", "scope": "mockNotes", "scopeKind": "class"}, {"_type": "tag", "name": "t3", "path": "/home/kavia/workspace/code-generation/travel-planner-pro-214723-214733/travel_planner_frontend/src/mocks/data.js", "pattern": "/^  t3: [\"Watch aurora forecast\", \"Charge camera batteries\"],$/", "language": "JavaScript", "kind": "property", "scope": "mockReminders", "scopeKind": "class"}], "hash": "f9cfe4c5d76b4273a67afb49d310e677", "format-version": 4, "code-base-name": "travel_planner_frontend", "filename": "travel_planner_frontend/src/mocks/data.js", "fields": [{"name": "t1: [", "scope": "mockItineraryItems", "scopeKind": "class", "description": "unavailable"}, {"name": "t1: [\"Buy Suica card\", \"Book Gion evening tour\"],", "scope": "mockNotes", "scopeKind": "class", "description": "unavailable"}, {"name": "t1: [\"Check passport expiration\", \"Download offline maps\"],", "scope": "mockReminders", "scopeKind": "class", "description": "unavailable"}, {"name": "t2: [", "scope": "mockItineraryItems", "scopeKind": "class", "description": "unavailable"}, {"name": "t2: [\"Confirm hotel check-in time\"],", "scope": "mockReminders", "scopeKind": "class", "description": "unavailable"}, {"name": "t2: [\"Try pastel de nata at Manteigaria\"],", "scope": "mockNotes", "scopeKind": "class", "description": "unavailable"}, {"name": "t3: [", "scope": "mockItineraryItems", "scopeKind": "class", "description": "unavailable"}, {"name": "t3: [\"Pack waterproof layers\", \"Rent a 4x4 if possible\"],", "scope": "mockNotes", "scopeKind": "class", "description": "unavailable"}, {"name": "t3: [\"Watch aurora forecast\", \"Charge camera batteries\"],", "scope": "mockReminders", "scopeKind": "class", "description": "unavailable"}], "revision_history": [{"38": ""}]}