{"is_source_file": true, "format": "JavaScript (React JSX)", "description": "React component for the 'Reminders' tab in a travel planning application. It manages displaying, creating, updating, and deleting reminders for a trip, with mock and backend data handling, and includes UI elements like inputs, buttons, and toast notifications.", "external_files": ["../../components/ToastProvider", "../../hooks/useReminders"], "external_methods": ["useToasts", "useReminders"], "published": ["TripRemindersTab"], "classes": [], "methods": [{"name": "startEdit", "description": "Initiates editing mode for a specific reminder, setting the editing ID and populating the edit draft with current content."}, {"name": "cancelEdit", "description": "Cancels editing mode, resetting editing-related state."}, {"name": "TripRemindersTab({ trip })", "scope": "", "scopeKind": "", "description": "unavailable"}], "calls": ["useReminders(trip?.id, { limit: 25 })", "pushToast", "state.reload", "state.createReminder", "state.updateReminder", "state.deleteReminder", "setDraft", "setEditDraft", "setEditingId", "setEditingId", "state.setOffset"], "search-terms": ["TripRemindersTab", "useReminders", "reminders", "trip reminders", "react reminders component", "Reminders CRUD"], "state": 2, "file_id": 23, "knowledge_revision": 79, "git_revision": "a207c6b616230db15eb14953ef4d463477b8fa18", "revision_history": [{"52": ""}, {"79": "a207c6b616230db15eb14953ef4d463477b8fa18"}], "ctags": [{"_type": "tag", "name": "TripRemindersTab", "path": "/home/kavia/workspace/code-generation/travel-planner-pro-214723-214733/travel_planner_frontend/src/pages/trip/TripRemindersTab.js", "pattern": "/^export function TripRemindersTab({ trip }) {$/", "language": "JavaScript", "kind": "function", "signature": "({ trip })"}, {"_type": "tag", "name": "draft", "path": "/home/kavia/workspace/code-generation/travel-planner-pro-214723-214733/travel_planner_frontend/src/pages/trip/TripRemindersTab.js", "pattern": "/^          value={draft}$/", "language": "JavaScript", "kind": "field", "scope": "TripRemindersTab.value", "scopeKind": "class"}, {"_type": "tag", "name": "state", "path": "/home/kavia/workspace/code-generation/travel-planner-pro-214723-214733/travel_planner_frontend/src/pages/trip/TripRemindersTab.js", "pattern": "/^          disabled={state.offset <= 0 || state.usingMock}$/", "language": "JavaScript", "kind": "field", "scope": "TripRemindersTab.disabled", "scopeKind": "class"}, {"_type": "tag", "name": "state", "path": "/home/kavia/workspace/code-generation/travel-planner-pro-214723-214733/travel_planner_frontend/src/pages/trip/TripRemindersTab.js", "pattern": "/^          disabled={state.status === \"pending\"}$/", "language": "JavaScript", "kind": "field", "scope": "TripRemindersTab.disabled", "scopeKind": "class"}], "hash": "9dbf4895f948c1018d583f1f7f96503d", "format-version": 4, "code-base-name": "travel_planner_frontend", "filename": "travel_planner_frontend/src/pages/trip/TripRemindersTab.js", "fields": [{"name": "value={draft}", "scope": "TripRemindersTab.value", "scopeKind": "class", "description": "unavailable"}, {"name": "disabled={state.offset <= 0 || state.usingMock}", "scope": "TripRemindersTab.disabled", "scopeKind": "class", "description": "unavailable"}, {"name": "disabled={state.status === \"pending\"}", "scope": "TripRemindersTab.disabled", "scopeKind": "class", "description": "unavailable"}]}