{"is_source_file": false, "format": "", "description": "", "external_files": [], "external_methods": [], "published": [], "classes": [], "methods": [], "calls": [], "search-terms": [], "state": 2, "file_id": 4, "knowledge_revision": 23, "git_revision": "1b92b5aae4d4f80c487316072b1ea613ef650341", "ctags": [], "hash": "1a77571e1a8cf36018a41bcedf60db75", "format-version": 4, "code-base-name": "travel_planner_frontend", "filename": "travel_planner_frontend/src/setupTests.js", "revision_history": [{"23": "1b92b5aae4d4f80c487316072b1ea613ef650341"}]}