{"is_source_file": true, "format": "JavaScript", "description": "This file defines an API client module that provides a wrapper around axios for making HTTP requests (GET and POST). It includes error normalization, configuration setup, interceptors, and feature-flagged backend call support.", "external_files": ["../config/env"], "external_methods": ["getApiBaseUrl", "isBackendEnabled"], "published": ["apiClient"], "classes": [], "methods": [{"name": "normalizeError(err)", "description": "Normalizes axios errors to a consistent shape for UI display.", "scope": "", "scopeKind": ""}], "calls": ["axios.isAxiosError", "http.get", "http.post", "getApiBaseUrl", "isBackendEnabled"], "search-terms": ["apiClient", "axios", "error normalization", "feature flag", "frontend API wrapper"], "state": 2, "file_id": 14, "knowledge_revision": 32, "git_revision": "", "ctags": [{"_type": "tag", "name": "apiClient", "path": "/home/kavia/workspace/code-generation/travel-planner-pro-214723-214733/travel_planner_frontend/src/api/client.js", "pattern": "/^export const apiClient = {$/", "language": "JavaScript", "kind": "constant"}, {"_type": "tag", "name": "http", "path": "/home/kavia/workspace/code-generation/travel-planner-pro-214723-214733/travel_planner_frontend/src/api/client.js", "pattern": "/^const http = axios.create({$/", "language": "JavaScript", "kind": "constant"}, {"_type": "tag", "name": "normalizeError", "path": "/home/kavia/workspace/code-generation/travel-planner-pro-214723-214733/travel_planner_frontend/src/api/client.js", "pattern": "/^function normalizeError(err) {$/", "language": "JavaScript", "kind": "function", "signature": "(err)"}, {"_type": "tag", "name": "res", "path": "/home/kavia/workspace/code-generation/travel-planner-pro-214723-214733/travel_planner_frontend/src/api/client.js", "pattern": "/^    const res = await http.get(url, config);$/", "language": "JavaScript", "kind": "constant", "scope": "apiClient", "scopeKind": "class"}, {"_type": "tag", "name": "res", "path": "/home/kavia/workspace/code-generation/travel-planner-pro-214723-214733/travel_planner_frontend/src/api/client.js", "pattern": "/^    const res = await http.post(url, body, config);$/", "language": "JavaScript", "kind": "constant", "scope": "apiClient", "scopeKind": "class"}], "hash": "c509ca87c1b46e754258964605497ffb", "format-version": 4, "code-base-name": "travel_planner_frontend", "filename": "travel_planner_frontend/src/api/client.js", "revision_history": [{"32": ""}]}