{"is_source_file": true, "format": "JavaScript (React JSX)", "description": "React component for the Destination Search Page. Implements UI for destination search with mock data and API hook integration.", "external_files": ["../api/client", "../hooks/useAsync", "../mocks/data", "../components/ToastProvider"], "external_methods": ["apiClient.get", "useAsync", "useToasts"], "published": ["DestinationSearchPage"], "classes": [], "methods": [{"name": "DestinationSearchPage()", "description": "React functional component rendering the destination search interface with state management and API integration.", "scope": "", "scopeKind": ""}], "calls": ["apiClient.get", "useAsync", "useMemo", "pushToast"], "search-terms": ["DestinationSearchPage", "React", "search destinations", "mockDestinationResults", "useAsync", "useToasts"], "state": 2, "file_id": 24, "knowledge_revision": 55, "git_revision": "", "ctags": [{"_type": "tag", "name": "DestinationSearchPage", "path": "/home/kavia/workspace/code-generation/travel-planner-pro-214723-214733/travel_planner_frontend/src/pages/DestinationSearchPage.js", "pattern": "/^export function DestinationSearchPage() {$/", "language": "JavaScript", "kind": "function", "signature": "()"}, {"_type": "tag", "name": "query", "path": "/home/kavia/workspace/code-generation/travel-planner-pro-214723-214733/travel_planner_frontend/src/pages/DestinationSearchPage.js", "pattern": "/^            value={query}$/", "language": "JavaScript", "kind": "field", "scope": "value", "scopeKind": "class"}], "hash": "f70ce7f44a733d314df97e7ae212b362", "format-version": 4, "code-base-name": "travel_planner_frontend", "filename": "travel_planner_frontend/src/pages/DestinationSearchPage.js", "fields": [{"name": "value={query}", "scope": "value", "scopeKind": "class", "description": "unavailable"}], "revision_history": [{"55": ""}]}