{"is_source_file": false, "format": "", "description": "", "external_files": [], "external_methods": [], "published": [], "classes": [], "methods": [], "calls": [], "search-terms": [], "state": 2, "file_id": 5, "knowledge_revision": 27, "git_revision": "1b92b5aae4d4f80c487316072b1ea613ef650341", "hash": "7cf72755f11303d2cf57ec42e1b338a1", "format-version": 4, "code-base-name": "travel_planner_frontend", "filename": "travel_planner_frontend/src/App.css", "revision_history": [{"27": "1b92b5aae4d4f80c487316072b1ea613ef650341"}]}