{"is_source_file": false, "format": null, "description": "", "external_files": [], "external_methods": [], "published": [], "classes": [], "methods": [], "calls": [], "search-terms": [], "state": 2, "file_id": 7, "knowledge_revision": 28, "git_revision": "1b92b5aae4d4f80c487316072b1ea613ef650341", "hash": "02435fcc14a10cc4c6dbcb7f9e5900b9", "format-version": 4, "code-base-name": "travel_planner_frontend", "filename": "travel_planner_frontend/src/index.css", "revision_history": [{"28": "1b92b5aae4d4f80c487316072b1ea613ef650341"}]}