{"is_source_file": true, "format": "JavaScript", "description": "React component TripRemindersTab for managing in-memory trip reminders with UI for adding and displaying reminders.", "external_files": ["../../mocks/data", "../../components/ToastProvider"], "external_methods": ["useToasts"], "published": ["TripRemindersTab"], "classes": [], "methods": [{"name": "TripRemindersTab({ trip })", "description": "React functional component for showing and adding reminders related to a trip.", "scope": "", "scopeKind": ""}], "calls": ["useToasts", "useMemo", "useState", "pushToast"], "search-terms": ["TripRemindersTab", "react reminders component", "add reminder UI", "local reminders", "toast notifications"], "state": 2, "file_id": 23, "knowledge_revision": 52, "git_revision": "", "ctags": [{"_type": "tag", "name": "TripRemindersTab", "path": "/home/kavia/workspace/code-generation/travel-planner-pro-214723-214733/travel_planner_frontend/src/pages/trip/TripRemindersTab.js", "pattern": "/^export function TripRemindersTab({ trip }) {$/", "language": "JavaScript", "kind": "function", "signature": "({ trip })"}, {"_type": "tag", "name": "draft", "path": "/home/kavia/workspace/code-generation/travel-planner-pro-214723-214733/travel_planner_frontend/src/pages/trip/TripRemindersTab.js", "pattern": "/^          value={draft}$/", "language": "JavaScript", "kind": "field", "scope": "TripRemindersTab.value", "scopeKind": "class"}], "hash": "0d0dbfc233a996f6d48fb8129a3315f4", "format-version": 4, "code-base-name": "travel_planner_frontend", "filename": "travel_planner_frontend/src/pages/trip/TripRemindersTab.js", "fields": [{"name": "value={draft}", "scope": "TripRemindersTab.value", "scopeKind": "class", "description": "unavailable"}], "revision_history": [{"52": ""}]}