{"is_source_file": true, "format": "JavaScript (React JSX)", "description": "React component for the Trip Calendar tab in a travel planning application. Displays an interactive calendar with itinerary items, notes, and reminders, allowing navigation between months and days with detailed views and management options.", "external_files": ["../../components/CalendarGrid", "../../components/ToastProvider", "../../hooks/useItinerary", "../../hooks/useNotes", "../../hooks/useReminders", "../../utils/date"], "external_methods": ["useToasts", "useSearchParams", "parseMonthKey", "getTodayMonthKey", "getMonthInfo", "toDateKey", "formatDateKeyHuman"], "published": ["TripCalendarTab"], "classes": [], "methods": [{"name": "dateKeyFromItineraryItem(it, tripStartDate)", "description": "Derives a date key from an itinerary item, using start/end times or day labels.", "scope": "", "scopeKind": ""}, {"name": "dateKeyFromNote(n)", "description": "Derives a date key from a note, based on creation or update timestamps.", "scope": "", "scopeKind": ""}, {"name": "dateKeyFromReminder(r)", "description": "Derives a date key from a reminder, based on remind or due timestamps.", "scope": "", "scopeKind": ""}, {"name": "TripCalendarTab({ trip })", "scope": "", "scopeKind": "", "description": "unavailable"}], "calls": ["useToasts", "useSearchParams", "parseMonthKey", "getTodayMonthKey", "getMonthInfo", "toDateKey", "formatDateKeyHuman", "dayjs", "useItinerary", "useNotes", "useReminders"], "search-terms": ["TripCalendarTab", "CalendarGrid", "useItinerary", "useNotes", "useReminders", "dateKeyFromItineraryItem", "dateKeyFromNote", "dateKeyFromReminder", "monthInfo", "selectedDateKey"], "state": 2, "file_id": 35, "knowledge_revision": 85, "git_revision": "", "ctags": [{"_type": "tag", "name": "TripCalendarTab", "path": "/home/kavia/workspace/code-generation/travel-planner-pro-214723-214733/travel_planner_frontend/src/pages/trip/TripCalendarTab.js", "pattern": "/^export function TripCalendarTab({ trip }) {$/", "language": "JavaScript", "kind": "function", "signature": "({ trip })"}, {"_type": "tag", "name": "[ \"tp-badge\", itineraryState.usingMock || notesState.usingMock || remindersState.usingMock ? \"tp-badge-info\" : \"tp-badge-success\", ]", "path": "/home/kavia/workspace/code-generation/travel-planner-pro-214723-214733/travel_planner_frontend/src/pages/trip/TripCalendarTab.js", "pattern": "/^            \"tp-badge\",$/", "language": "JavaScript", "kind": "field", "scope": "className", "scopeKind": "class"}, {"_type": "tag", "name": "countsByDate", "path": "/home/kavia/workspace/code-generation/travel-planner-pro-214723-214733/travel_planner_frontend/src/pages/trip/TripCalendarTab.js", "pattern": "/^            countsByDate={countsByDate}$/", "language": "JavaScript", "kind": "field", "scope": "countsByDate", "scopeKind": "class"}, {"_type": "tag", "name": "dateKeyFromItineraryItem", "path": "/home/kavia/workspace/code-generation/travel-planner-pro-214723-214733/travel_planner_frontend/src/pages/trip/TripCalendarTab.js", "pattern": "/^function dateKeyFromItineraryItem(it, tripStartDate) {$/", "language": "JavaScript", "kind": "function", "signature": "(it, tripStartDate)"}, {"_type": "tag", "name": "dateKeyFromNote", "path": "/home/kavia/workspace/code-generation/travel-planner-pro-214723-214733/travel_planner_frontend/src/pages/trip/TripCalendarTab.js", "pattern": "/^function dateKeyFromNote(n) {$/", "language": "JavaScript", "kind": "function", "signature": "(n)"}, {"_type": "tag", "name": "dateKeyFromReminder", "path": "/home/kavia/workspace/code-generation/travel-planner-pro-214723-214733/travel_planner_frontend/src/pages/trip/TripCalendarTab.js", "pattern": "/^function dateKeyFromReminder(r) {$/", "language": "JavaScript", "kind": "function", "signature": "(r)"}, {"_type": "tag", "name": "monthKey", "path": "/home/kavia/workspace/code-generation/travel-planner-pro-214723-214733/travel_planner_frontend/src/pages/trip/TripCalendarTab.js", "pattern": "/^            monthKey={monthKey}$/", "language": "JavaScript", "kind": "field", "scope": "monthKey", "scopeKind": "class"}, {"_type": "tag", "name": "selectedDateKey", "path": "/home/kavia/workspace/code-generation/travel-planner-pro-214723-214733/travel_planner_frontend/src/pages/trip/TripCalendarTab.js", "pattern": "/^            selectedDateKey={selectedDateKey}$/", "language": "JavaScript", "kind": "field", "scope": "selectedDateKey", "scopeKind": "class"}], "hash": "9f3fe836c13f78a38f5a25cc4a34367b", "format-version": 4, "code-base-name": "travel_planner_frontend", "filename": "travel_planner_frontend/src/pages/trip/TripCalendarTab.js", "fields": [{"name": "\"tp-badge\",", "scope": "className", "scopeKind": "class", "description": "unavailable"}, {"name": "countsByDate={countsByDate}", "scope": "countsByDate", "scopeKind": "class", "description": "unavailable"}, {"name": "monthKey={monthKey}", "scope": "monthKey", "scopeKind": "class", "description": "unavailable"}, {"name": "selectedDateKey={selectedDateKey}", "scope": "selectedDateKey", "scopeKind": "class", "description": "unavailable"}], "revision_history": [{"85": ""}]}