{"is_source_file": true, "format": "JavaScript", "description": "This file defines a React component 'ToastProvider' for managing and displaying toast notifications across an application. It also exports a hook 'useToasts' for consuming the toast context.", "external_files": ["react"], "external_methods": ["React.createContext", "useCallback", "useContext", "useMemo", "useState"], "published": ["ToastProvider", "useToasts"], "classes": [], "methods": [{"name": "makeId()", "description": "Generates a random hexadecimal string used as a unique toast ID.", "scope": "", "scopeKind": ""}, {"name": "ToastProvider({ children })", "scope": "", "scopeKind": "", "description": "unavailable"}, {"name": "useToasts()", "scope": "", "scopeKind": "", "description": "unavailable"}], "calls": ["React.createContext", "useCallback", "useContext", "useMemo", "useState", "setTimeout"], "search-terms": ["ToastProvider", "ToastContext", "toast notifications", "React context for toasts", "Toast hook", "react-toast"], "state": 2, "file_id": 16, "knowledge_revision": 36, "git_revision": "", "ctags": [{"_type": "tag", "name": "ToastContext", "path": "/home/kavia/workspace/code-generation/travel-planner-pro-214723-214733/travel_planner_frontend/src/components/ToastProvider.js", "pattern": "/^const ToastContext = createContext(null);$/", "language": "JavaScript", "kind": "constant"}, {"_type": "tag", "name": "ToastProvider", "path": "/home/kavia/workspace/code-generation/travel-planner-pro-214723-214733/travel_planner_frontend/src/components/ToastProvider.js", "pattern": "/^export function ToastProvider({ children }) {$/", "language": "JavaScript", "kind": "function", "signature": "({ children })"}, {"_type": "tag", "name": "api", "path": "/home/kavia/workspace/code-generation/travel-planner-pro-214723-214733/travel_planner_frontend/src/components/ToastProvider.js", "pattern": "/^    <ToastContext.Provider value={api}>$/", "language": "JavaScript", "kind": "field", "scope": "Provider", "scopeKind": "class"}, {"_type": "tag", "name": "makeId", "path": "/home/kavia/workspace/code-generation/travel-planner-pro-214723-214733/travel_planner_frontend/src/components/ToastProvider.js", "pattern": "/^function makeId() {$/", "language": "JavaScript", "kind": "function", "signature": "()"}, {"_type": "tag", "name": "useToasts", "path": "/home/kavia/workspace/code-generation/travel-planner-pro-214723-214733/travel_planner_frontend/src/components/ToastProvider.js", "pattern": "/^export function useToasts() {$/", "language": "JavaScript", "kind": "function", "signature": "()"}], "hash": "9145886a839050cfca8860582a5a90f2", "format-version": 4, "code-base-name": "travel_planner_frontend", "filename": "travel_planner_frontend/src/components/ToastProvider.js", "fields": [{"name": "<ToastContext.Provider value={api}>", "scope": "Provider", "scopeKind": "class", "description": "unavailable"}], "revision_history": [{"36": ""}]}