{"is_source_file": false, "format": "", "description": "", "external_files": [], "external_methods": [], "published": [], "classes": [], "methods": [], "calls": [], "search-terms": ["App.css", "CSS", "travel-planner", "theme", "layout", "cards", "buttons"], "state": 2, "file_id": 5, "knowledge_revision": 87, "git_revision": "a207c6b616230db15eb14953ef4d463477b8fa18", "hash": "729bdd64f86aa8d3e3f7467ee5e69236", "format-version": 4, "code-base-name": "travel_planner_frontend", "filename": "travel_planner_frontend/src/App.css", "revision_history": [{"87": "a207c6b616230db15eb14953ef4d463477b8fa18"}]}