{"is_source_file": true, "format": "JavaScript", "description": "This file defines an API wrapper for managing trip reminders, including functions to list, get, create, update, and delete reminders, as well as a helper function to normalize reminder data.", "external_files": ["./client"], "external_methods": ["apiClient.get", "apiClient.post", "apiClient.patch", "apiClient.delete"], "published": ["remindersApi"], "classes": [], "methods": [{"name": "normalizeReminder(r)", "description": "Processes raw reminder data into a uniform TripReminder object.", "scope": "", "scopeKind": ""}, {"name": "list(tripId, { limit = 50, offset = 0 } = {})", "description": "Fetches a list of reminders for a specific trip.", "scope": "remindersApi", "scopeKind": "class"}, {"name": "get", "description": "Retrieves a specific reminder by ID for a given trip."}, {"name": "create", "description": "Creates a new reminder for a trip."}, {"name": "update", "description": "Updates an existing reminder."}, {"name": "remove", "description": "Deletes a reminder by ID."}], "calls": ["apiClient.get", "apiClient.post", "apiClient.patch", "apiClient.delete"], "search-terms": ["remindersApi", "normalizeReminder", "tripId", "reminderId", "TripReminder", "travel_planner_frontend/src/api/reminders.js"], "state": 2, "file_id": 29, "knowledge_revision": 70, "git_revision": "", "ctags": [{"_type": "tag", "name": "list", "path": "/home/kavia/workspace/code-generation/travel-planner-pro-214723-214733/travel_planner_frontend/src/api/reminders.js", "pattern": "/^  async list(tripId, { limit = 50, offset = 0 } = {}) {$/", "language": "JavaScript", "kind": "method", "signature": "(tripId, { limit = 50, offset = 0 } = {})", "scope": "remindersApi", "scopeKind": "class"}, {"_type": "tag", "name": "normalizeReminder", "path": "/home/kavia/workspace/code-generation/travel-planner-pro-214723-214733/travel_planner_frontend/src/api/reminders.js", "pattern": "/^function normalizeReminder(r) {$/", "language": "JavaScript", "kind": "function", "signature": "(r)"}, {"_type": "tag", "name": "remindersApi", "path": "/home/kavia/workspace/code-generation/travel-planner-pro-214723-214733/travel_planner_frontend/src/api/reminders.js", "pattern": "/^export const remindersApi = {$/", "language": "JavaScript", "kind": "class"}, {"_type": "tag", "name": "res", "path": "/home/kavia/workspace/code-generation/travel-planner-pro-214723-214733/travel_planner_frontend/src/api/reminders.js", "pattern": "/^    const res = await apiClient.delete($/", "language": "JavaScript", "kind": "constant", "scope": "remindersApi", "scopeKind": "class"}, {"_type": "tag", "name": "res", "path": "/home/kavia/workspace/code-generation/travel-planner-pro-214723-214733/travel_planner_frontend/src/api/reminders.js", "pattern": "/^    const res = await apiClient.get($/", "language": "JavaScript", "kind": "constant", "scope": "remindersApi", "scopeKind": "class"}, {"_type": "tag", "name": "res", "path": "/home/kavia/workspace/code-generation/travel-planner-pro-214723-214733/travel_planner_frontend/src/api/reminders.js", "pattern": "/^    const res = await apiClient.patch($/", "language": "JavaScript", "kind": "constant", "scope": "remindersApi", "scopeKind": "class"}, {"_type": "tag", "name": "res", "path": "/home/kavia/workspace/code-generation/travel-planner-pro-214723-214733/travel_planner_frontend/src/api/reminders.js", "pattern": "/^    const res = await apiClient.post($/", "language": "JavaScript", "kind": "constant", "scope": "remindersApi", "scopeKind": "class"}], "hash": "5eb3ab0abccd156d8782e382a3b62b1f", "format-version": 4, "code-base-name": "travel_planner_frontend", "filename": "travel_planner_frontend/src/api/reminders.js", "revision_history": [{"70": ""}]}