{"is_source_file": true, "format": "JavaScript", "description": "React component for displaying an itinerary tab in a trip planning application, using mocked data for itinerary items.", "external_files": ["../../mocks/data"], "external_methods": ["mockItineraryItems"], "published": ["TripItineraryTab"], "classes": [], "methods": [{"name": "TripItineraryTab({ trip })", "description": "React functional component that displays itinerary items for a trip, with placeholders for future functionalities.", "scope": "", "scopeKind": ""}], "calls": ["useMemo", "mockItineraryItems"], "search-terms": ["TripItineraryTab", "itinerary", "React component", "mockItineraryItems", "travel-planner"], "state": 2, "file_id": 21, "knowledge_revision": 49, "git_revision": "", "ctags": [{"_type": "tag", "name": "TripItineraryTab", "path": "/home/kavia/workspace/code-generation/travel-planner-pro-214723-214733/travel_planner_frontend/src/pages/trip/TripItineraryTab.js", "pattern": "/^export function TripItineraryTab({ trip }) {$/", "language": "JavaScript", "kind": "function", "signature": "({ trip })"}], "hash": "a55149f5cce91da661cfa05fb0092495", "format-version": 4, "code-base-name": "travel_planner_frontend", "filename": "travel_planner_frontend/src/pages/trip/TripItineraryTab.js", "revision_history": [{"49": ""}]}