{"is_source_file": true, "format": "JavaScript (React JSX)", "description": "Main application component for Travel Planner front-end, including routing, layout, and UI components.", "external_files": ["./components/TripsList", "./components/ToastProvider", "./pages/DestinationSearchPage", "./pages/TripDetailLayout", "./pages/TripsHomePage", "./config/env", "./hooks/useTrips", "./App.css"], "external_methods": ["useLocation", "isBackendEnabled", "getApiBaseUrl", "useTrips", "pushToast"], "published": ["App"], "classes": [], "methods": [{"name": "TopbarStatus()", "description": "Displays status information and API toggle button in the top bar.", "scope": "", "scopeKind": ""}, {"name": "App()", "scope": "", "scopeKind": "", "description": "unavailable"}], "calls": ["useToasts", "isBackendEnabled", "getApiBaseUrl", "useLocation", "pushToast"], "search-terms": ["React routing", "Travel Planner main layout", "App component", "TripsList component", "ToastProvider", "DestinationSearchPage", "TripDetailLayout", "useTrips hook"], "state": 2, "file_id": 3, "knowledge_revision": 64, "git_revision": "a207c6b616230db15eb14953ef4d463477b8fa18", "revision_history": [{"19": "1b92b5aae4d4f80c487316072b1ea613ef650341"}, {"41": "1b92b5aae4d4f80c487316072b1ea613ef650341"}, {"64": "a207c6b616230db15eb14953ef4d463477b8fa18"}], "ctags": [{"_type": "tag", "name": "App", "path": "/home/kavia/workspace/code-generation/travel-planner-pro-214723-214733/travel_planner_frontend/src/App.js", "pattern": "/^function App() {$/", "language": "JavaScript", "kind": "function", "signature": "()"}, {"_type": "tag", "name": "TopbarStatus", "path": "/home/kavia/workspace/code-generation/travel-planner-pro-214723-214733/travel_planner_frontend/src/App.js", "pattern": "/^function TopbarStatus() {$/", "language": "JavaScript", "kind": "function", "signature": "()"}, {"_type": "tag", "name": "tripsState", "path": "/home/kavia/workspace/code-generation/travel-planner-pro-214723-214733/travel_planner_frontend/src/App.js", "pattern": "/^            error={tripsState.error}$/", "language": "JavaScript", "kind": "field", "scope": "error", "scopeKind": "class"}, {"_type": "tag", "name": "tripsState", "path": "/home/kavia/workspace/code-generation/travel-planner-pro-214723-214733/travel_planner_frontend/src/App.js", "pattern": "/^            onCreateTrip={tripsState.createTrip}$/", "language": "JavaScript", "kind": "field", "scope": "onCreateTrip", "scopeKind": "class"}, {"_type": "tag", "name": "tripsState", "path": "/home/kavia/workspace/code-generation/travel-planner-pro-214723-214733/travel_planner_frontend/src/App.js", "pattern": "/^            onReload={tripsState.reload}$/", "language": "JavaScript", "kind": "field", "scope": "onReload", "scopeKind": "class"}, {"_type": "tag", "name": "tripsState", "path": "/home/kavia/workspace/code-generation/travel-planner-pro-214723-214733/travel_planner_frontend/src/App.js", "pattern": "/^            status={tripsState.status}$/", "language": "JavaScript", "kind": "field", "scope": "status", "scopeKind": "class"}, {"_type": "tag", "name": "tripsState", "path": "/home/kavia/workspace/code-generation/travel-planner-pro-214723-214733/travel_planner_frontend/src/App.js", "pattern": "/^            trips={tripsState.trips}$/", "language": "JavaScript", "kind": "field", "scope": "trips", "scopeKind": "class"}, {"_type": "tag", "name": "tripsState", "path": "/home/kavia/workspace/code-generation/travel-planner-pro-214723-214733/travel_planner_frontend/src/App.js", "pattern": "/^            usingMock={tripsState.usingMock}$/", "language": "JavaScript", "kind": "field", "scope": "usingMock", "scopeKind": "class"}], "hash": "6eca6a27422fe9a7bd0ba869cd64aa1d", "format-version": 4, "code-base-name": "travel_planner_frontend", "filename": "travel_planner_frontend/src/App.js", "fields": [{"name": "error={tripsState.error}", "scope": "error", "scopeKind": "class", "description": "unavailable"}, {"name": "onCreateTrip={tripsState.createTrip}", "scope": "onCreateTrip", "scopeKind": "class", "description": "unavailable"}, {"name": "onReload={tripsState.reload}", "scope": "onReload", "scopeKind": "class", "description": "unavailable"}, {"name": "status={tripsState.status}", "scope": "status", "scopeKind": "class", "description": "unavailable"}, {"name": "trips={tripsState.trips}", "scope": "trips", "scopeKind": "class", "description": "unavailable"}, {"name": "usingMock={tripsState.usingMock}", "scope": "usingMock", "scopeKind": "class", "description": "unavailable"}]}