{"is_source_file": true, "format": "JavaScript", "description": "This file defines a React custom hook called useAsync, which provides a standardized way to handle asynchronous operations with loading, success, and error states. It manages async call lifecycle, state updates, and cleanup to prevent state setting after unmount.", "external_files": ["react"], "external_methods": ["useCallback", "useEffect", "useRef", "useState"], "published": ["useAsync"], "classes": [], "methods": [{"name": "useAsync(asyncFn, deps = [], options = {})", "description": "A custom React hook that manages the lifecycle of an asynchronous function, providing status, value, error, and a run method for execution.", "scope": "", "scopeKind": ""}], "calls": ["useCallback", "useEffect", "useRef", "useState"], "search-terms": ["useAsync", "react hooks", "async handling", "loading state", "error state", "useCallback", "useRef"], "state": 2, "file_id": 15, "knowledge_revision": 34, "git_revision": "", "ctags": [{"_type": "tag", "name": "useAsync", "path": "/home/kavia/workspace/code-generation/travel-planner-pro-214723-214733/travel_planner_frontend/src/hooks/useAsync.js", "pattern": "/^export function useAsync(asyncFn, deps = [], options = {}) {$/", "language": "JavaScript", "kind": "function", "signature": "(asyncFn, deps = [], options = {})"}], "hash": "b0952dcc1c6a0cb82ccb6e74b60676f1", "format-version": 4, "code-base-name": "travel_planner_frontend", "filename": "travel_planner_frontend/src/hooks/useAsync.js", "revision_history": [{"34": ""}]}