{"is_source_file": false, "format": "", "description": "", "external_files": [], "external_methods": [], "published": [], "classes": [], "methods": [], "calls": [], "search-terms": [], "state": 2, "file_id": 10, "knowledge_revision": 88, "git_revision": "a207c6b616230db15eb14953ef4d463477b8fa18", "hash": "681cd125e3ca77e6402973571813c5d5", "format-version": 4, "code-base-name": "travel_planner_frontend", "filename": "travel_planner_frontend/package.json", "revision_history": [{"88": "a207c6b616230db15eb14953ef4d463477b8fa18"}]}