{"is_source_file": true, "format": "JavaScript (React JSX)", "description": "React functional component 'TripNotesTab' that provides a UI for viewing and adding notes to a trip. It manages local state for notes and draft input, and interacts with external components for toast notifications.", "external_files": ["../../mocks/data", "../../components/ToastProvider"], "external_methods": ["useToasts", "pushToast"], "published": ["TripNotesTab"], "classes": [], "methods": [{"name": "TripNotesTab({ trip })", "description": "React functional component that displays and manages notes for a specific trip, with local state for notes and draft input, and toast notifications.", "scope": "", "scopeKind": ""}], "calls": ["useToasts()", "pushToast()", "useMemo()", "useState()", "setNotes()", "setDraft()", "map()", "trim()"], "search-terms": ["TripNotesTab", "React", "useMemo", "useState", "toast", "notes", "local state", "trip", "mockNotes", "add note"], "state": 2, "file_id": 22, "knowledge_revision": 51, "git_revision": "", "ctags": [{"_type": "tag", "name": "TripNotesTab", "path": "/home/kavia/workspace/code-generation/travel-planner-pro-214723-214733/travel_planner_frontend/src/pages/trip/TripNotesTab.js", "pattern": "/^export function TripNotesTab({ trip }) {$/", "language": "JavaScript", "kind": "function", "signature": "({ trip })"}, {"_type": "tag", "name": "draft", "path": "/home/kavia/workspace/code-generation/travel-planner-pro-214723-214733/travel_planner_frontend/src/pages/trip/TripNotesTab.js", "pattern": "/^          value={draft}$/", "language": "JavaScript", "kind": "field", "scope": "TripNotesTab.value", "scopeKind": "class"}], "hash": "8c4c1167e1eeb9712d1ee4ea2bb4d06a", "format-version": 4, "code-base-name": "travel_planner_frontend", "filename": "travel_planner_frontend/src/pages/trip/TripNotesTab.js", "fields": [{"name": "value={draft}", "scope": "TripNotesTab.value", "scopeKind": "class", "description": "unavailable"}], "revision_history": [{"51": ""}]}