{"is_source_file": true, "format": "JavaScript", "description": "React component 'TripsList' renders a navigational sidebar with a list of user trips and a link to destination search. It uses React and react-router-dom's NavLink for navigation.", "external_files": ["react", "react-router-dom"], "external_methods": ["React", "NavLink"], "published": ["TripsList"], "classes": [], "methods": [{"name": "TripsList({ trips })", "description": "Functional React component that displays a list of trips and a destination search link.", "scope": "", "scopeKind": ""}], "calls": ["React", "NavLink"], "search-terms": ["TripsList", "react-router-dom", "NavLink", "trips", "sidebar", "navigation", "travel"], "state": 2, "file_id": 18, "knowledge_revision": 40, "git_revision": "", "ctags": [{"_type": "tag", "name": "TripsList", "path": "/home/kavia/workspace/code-generation/travel-planner-pro-214723-214733/travel_planner_frontend/src/components/TripsList.js", "pattern": "/^export function TripsList({ trips }) {$/", "language": "JavaScript", "kind": "function", "signature": "({ trips })"}], "hash": "73dfb1da4360025bd5180d35f788b5c1", "format-version": 4, "code-base-name": "travel_planner_frontend", "filename": "travel_planner_frontend/src/components/TripsList.js", "revision_history": [{"40": ""}]}