{"is_source_file": true, "format": "JavaScript (React component)", "description": "This file defines a React functional component CalendarGrid that renders a calendar month view with interactive date cells, badges showing counts of itinerary items, notes, and reminders, and supports date selection. It imports React and a utility function getMonthGridCells, and uses props for dynamic rendering of the calendar grid.", "external_files": ["../utils/date"], "external_methods": ["getMonthGridCells"], "published": ["CalendarGrid"], "classes": [], "methods": [{"name": "CalendarGrid({ monthKey, selectedDateKey, countsByDate, onSelectDate })", "description": "React functional component that displays a calendar month with clickable date cells, badges for counts, and selection highlighting.", "scope": "", "scopeKind": ""}], "calls": ["React", "useMemo", "getMonthGridCells"], "search-terms": ["CalendarGrid", "dateCell", "month view", "react component", "date utils", "date grid rendering"], "state": 2, "file_id": 34, "knowledge_revision": 89, "git_revision": "1e02bfb56ddc64dd414f6d45de2a449fbacf8d86", "revision_history": [{"83": ""}, {"89": "1e02bfb56ddc64dd414f6d45de2a449fbacf8d86"}], "ctags": [{"_type": "tag", "name": "CalendarGrid", "path": "/home/kavia/workspace/code-generation/travel-planner-pro-214723-214733/travel_planner_frontend/src/components/CalendarGrid.js", "pattern": "/^export function CalendarGrid({ monthKey, selectedDateKey, countsByDate, onSelectDate }) {$/", "language": "JavaScript", "kind": "function", "signature": "({ monthKey, selectedDateKey, countsByDate, onSelectDate })"}, {"_type": "tag", "name": "DOW", "path": "/home/kavia/workspace/code-generation/travel-planner-pro-214723-214733/travel_planner_frontend/src/components/CalendarGrid.js", "pattern": "/^const DOW = [\"Mon\", \"Tue\", \"Wed\", \"Thu\", \"Fri\", \"Sat\", \"Sun\"];$/", "language": "JavaScript", "kind": "constant"}], "hash": "834ab111c951a9882c3f441a6e04cdf0", "format-version": 4, "code-base-name": "travel_planner_frontend", "filename": "travel_planner_frontend/src/components/CalendarGrid.js"}