{"is_source_file": true, "format": "JavaScript/ECMAScript Module (.mjs)", "description": "ESLint configuration file setting up linting rules, parser options, and plugins for a JavaScript project, specifically for React and other ECMAScript features.", "external_files": ["@eslint/js", "eslint-plugin-react"], "external_methods": [], "published": [], "classes": [], "methods": [], "calls": ["pluginJs", "pluginReact", "pluginJs.configs.recommended"], "search-terms": ["eslint.config.mjs", "ESLint", "rules", "plugins", "parserOptions", "react"], "state": 2, "file_id": 11, "knowledge_revision": 24, "git_revision": "1b92b5aae4d4f80c487316072b1ea613ef650341", "hash": "be6538e7523bc2e9da0743133d784136", "format-version": 4, "code-base-name": "travel_planner_frontend", "filename": "travel_planner_frontend/eslint.config.mjs", "revision_history": [{"24": "1b92b5aae4d4f80c487316072b1ea613ef650341"}]}