{"is_source_file": true, "format": "JavaScript", "description": "React hook for managing CRUD operations of reminders associated with a trip, including pagination, mock fallback, and API interactions.", "external_files": ["../api/reminders", "../mocks/data"], "external_methods": ["remindersApi.list", "remindersApi.create", "remindersApi.update", "remindersApi.remove"], "published": ["useReminders"], "classes": [], "methods": [{"name": "useReminders(tripId, options = {})", "description": "Custom React hook managing reminders for a specific trip, with support for CRUD operations, pagination, and mock data fallback.", "scope": "", "scopeKind": ""}], "calls": ["useCallback", "useEffect", "useMemo", "useRef", "useState", "remindersApi.list", "remindersApi.create", "remindersApi.update", "remindersApi.remove"], "search-terms": ["useReminders", "React hook reminders", "trip reminders API", "mock reminders fallback", "pagination reminders", "reminders CRUD"], "state": 2, "file_id": 32, "knowledge_revision": 76, "git_revision": "", "ctags": [{"_type": "tag", "name": "useReminders", "path": "/home/kavia/workspace/code-generation/travel-planner-pro-214723-214733/travel_planner_frontend/src/hooks/useReminders.js", "pattern": "/^export function useReminders(tripId, options = {}) {$/", "language": "JavaScript", "kind": "function", "signature": "(tripId, options = {})"}], "hash": "b90910aabff9a099abbda5643d0f953d", "format-version": 4, "code-base-name": "travel_planner_frontend", "filename": "travel_planner_frontend/src/hooks/useReminders.js", "revision_history": [{"76": ""}]}