{"is_source_file": true, "format": "JavaScript", "description": "This file defines an API wrapper for managing trip notes, including functions to list, get, create, update, and delete notes for trips. It includes type definitions, normalization functions, and API method implementations.", "external_files": ["./client"], "external_methods": ["apiClient.get", "apiClient.post", "apiClient.patch", "apiClient.delete"], "published": ["notesApi"], "classes": [], "methods": [{"name": "normalizeNote(n)", "description": "Normalizes raw note data into a TripNote object with consistent fields.", "scope": "", "scopeKind": ""}, {"name": "notesApi.list", "description": "Retrieves a list of notes for a specific trip, with optional pagination."}, {"name": "notesApi.get", "description": "Fetches a single note by its ID for a specific trip."}, {"name": "notesApi.create", "description": "Creates a new note for a specified trip with provided payload."}, {"name": "notesApi.update", "description": "Updates an existing note identified by noteId for a specific trip."}, {"name": "notesApi.remove", "description": "Deletes a note by its ID for a specific trip."}, {"name": "list(tripId, { limit = 50, offset = 0 } = {})", "scope": "notesApi", "scopeKind": "class", "description": "unavailable"}], "calls": ["apiClient.get", "apiClient.post", "apiClient.patch", "apiClient.delete"], "search-terms": ["notesApi", "normalizeNote", "tripId", "noteId", "travel_planner_frontend/src/api/notes.js"], "state": 2, "file_id": 28, "knowledge_revision": 68, "git_revision": "", "ctags": [{"_type": "tag", "name": "list", "path": "/home/kavia/workspace/code-generation/travel-planner-pro-214723-214733/travel_planner_frontend/src/api/notes.js", "pattern": "/^  async list(tripId, { limit = 50, offset = 0 } = {}) {$/", "language": "JavaScript", "kind": "method", "signature": "(tripId, { limit = 50, offset = 0 } = {})", "scope": "notesApi", "scopeKind": "class"}, {"_type": "tag", "name": "normalizeNote", "path": "/home/kavia/workspace/code-generation/travel-planner-pro-214723-214733/travel_planner_frontend/src/api/notes.js", "pattern": "/^function normalizeNote(n) {$/", "language": "JavaScript", "kind": "function", "signature": "(n)"}, {"_type": "tag", "name": "notesApi", "path": "/home/kavia/workspace/code-generation/travel-planner-pro-214723-214733/travel_planner_frontend/src/api/notes.js", "pattern": "/^export const notesApi = {$/", "language": "JavaScript", "kind": "class"}, {"_type": "tag", "name": "res", "path": "/home/kavia/workspace/code-generation/travel-planner-pro-214723-214733/travel_planner_frontend/src/api/notes.js", "pattern": "/^    const res = await apiClient.delete($/", "language": "JavaScript", "kind": "constant", "scope": "notesApi", "scopeKind": "class"}, {"_type": "tag", "name": "res", "path": "/home/kavia/workspace/code-generation/travel-planner-pro-214723-214733/travel_planner_frontend/src/api/notes.js", "pattern": "/^    const res = await apiClient.get($/", "language": "JavaScript", "kind": "constant", "scope": "notesApi", "scopeKind": "class"}, {"_type": "tag", "name": "res", "path": "/home/kavia/workspace/code-generation/travel-planner-pro-214723-214733/travel_planner_frontend/src/api/notes.js", "pattern": "/^    const res = await apiClient.patch($/", "language": "JavaScript", "kind": "constant", "scope": "notesApi", "scopeKind": "class"}, {"_type": "tag", "name": "res", "path": "/home/kavia/workspace/code-generation/travel-planner-pro-214723-214733/travel_planner_frontend/src/api/notes.js", "pattern": "/^    const res = await apiClient.post(`\\/api\\/trips\\/${encodeURIComponent(tripId)}\\/notes`, paylo/", "language": "JavaScript", "kind": "constant", "scope": "notesApi", "scopeKind": "class"}], "hash": "dc7f9c32e19933e756da0b96b5b212c5", "format-version": 4, "code-base-name": "travel_planner_frontend", "filename": "travel_planner_frontend/src/api/notes.js", "revision_history": [{"68": ""}]}