{"is_source_file": true, "format": "JavaScript", "description": "React component for the trip detail page layout with nested tab routes in a travel planning app.", "external_files": ["../components/ToastProvider", "./trip/TripItineraryTab", "./trip/TripNotesTab", "./trip/TripRemindersTab", "react", "react-router-dom"], "external_methods": ["useToasts", "useNavigate", "useParams"], "published": ["TripDetailLayout"], "classes": [], "methods": [{"name": "TripDetailLayout({ trips, status, usingMock, onUpdateTrip, onDeleteTrip, onReload })", "description": "Main React functional component rendering trip details and nested routes.", "scope": "", "scopeKind": ""}], "calls": ["useToasts()", "useNavigate()", "useParams()", "trips.find()", "setNameDraft()", "pushToast()", "navigate()", "onUpdateTrip()", "onReload()", "window.confirm()", "onDeleteTrip()"], "search-terms": ["TripDetailLayout", "React", "react-router-dom", "useToasts", "useNavigate", "useParams", "trip", "nested routes", "trip name editing", "trip delete", "trip refresh"], "state": 2, "file_id": 20, "knowledge_revision": 63, "git_revision": "a207c6b616230db15eb14953ef4d463477b8fa18", "revision_history": [{"46": ""}, {"63": "a207c6b616230db15eb14953ef4d463477b8fa18"}], "ctags": [{"_type": "tag", "name": "TripDetailLayout", "path": "/home/kavia/workspace/code-generation/travel-planner-pro-214723-214733/travel_planner_frontend/src/pages/TripDetailLayout.js", "pattern": "/^export function TripDetailLayout({ trips, status, usingMock, onUpdateTrip, onDeleteTrip, onReloa/", "language": "JavaScript", "kind": "function", "signature": "({ trips, status, usingMock, onUpdateTrip, onDeleteTrip, onReload })"}, {"_type": "tag", "name": "ok", "path": "/home/kavia/workspace/code-generation/travel-planner-pro-214723-214733/travel_planner_frontend/src/pages/TripDetailLayout.js", "pattern": "/^                const ok = window.confirm(\"Delete this trip? This cannot be undone.\");$/", "language": "JavaScript", "kind": "constant", "scope": "onClick", "scopeKind": "class"}, {"_type": "tag", "name": "res", "path": "/home/kavia/workspace/code-generation/travel-planner-pro-214723-214733/travel_planner_frontend/src/pages/TripDetailLayout.js", "pattern": "/^                  const res = await onDeleteTrip?.(trip.id);$/", "language": "JavaScript", "kind": "constant", "scope": "onClick", "scopeKind": "class"}, {"_type": "tag", "name": "trip", "path": "/home/kavia/workspace/code-generation/travel-planner-pro-214723-214733/travel_planner_frontend/src/pages/TripDetailLayout.js", "pattern": "/^          <Route path=\"*\" element={<TripItineraryTab trip={trip} \\/>} \\/>$/", "language": "JavaScript", "kind": "field", "scope": "AnonymousClass224da89d0401", "scopeKind": "class"}, {"_type": "tag", "name": "trip", "path": "/home/kavia/workspace/code-generation/travel-planner-pro-214723-214733/travel_planner_frontend/src/pages/TripDetailLayout.js", "pattern": "/^          <Route path=\"itinerary\" element={<TripItineraryTab trip={trip} \\/>} \\/>$/", "language": "JavaScript", "kind": "field", "scope": "AnonymousClass224da89d0101", "scopeKind": "class"}, {"_type": "tag", "name": "trip", "path": "/home/kavia/workspace/code-generation/travel-planner-pro-214723-214733/travel_planner_frontend/src/pages/TripDetailLayout.js", "pattern": "/^          <Route path=\"notes\" element={<TripNotesTab trip={trip} \\/>} \\/>$/", "language": "JavaScript", "kind": "field", "scope": "AnonymousClass224da89d0201", "scopeKind": "class"}, {"_type": "tag", "name": "trip", "path": "/home/kavia/workspace/code-generation/travel-planner-pro-214723-214733/travel_planner_frontend/src/pages/TripDetailLayout.js", "pattern": "/^          <Route path=\"reminders\" element={<TripRemindersTab trip={trip} \\/>} \\/>$/", "language": "JavaScript", "kind": "field", "scope": "AnonymousClass224da89d0301", "scopeKind": "class"}], "hash": "6306014b711649bca679d691dbb9d539", "format-version": 4, "code-base-name": "travel_planner_frontend", "filename": "travel_planner_frontend/src/pages/TripDetailLayout.js", "fields": [{"name": "<Route path=\"*\" element={<TripItineraryTab trip={trip} \\/>} \\/>", "scope": "AnonymousClass224da89d0401", "scopeKind": "class", "description": "unavailable"}, {"name": "<Route path=\"itinerary\" element={<TripItineraryTab trip={trip} \\/>} \\/>", "scope": "AnonymousClass224da89d0101", "scopeKind": "class", "description": "unavailable"}, {"name": "<Route path=\"notes\" element={<TripNotesTab trip={trip} \\/>} \\/>", "scope": "AnonymousClass224da89d0201", "scopeKind": "class", "description": "unavailable"}, {"name": "<Route path=\"reminders\" element={<TripRemindersTab trip={trip} \\/>} \\/>", "scope": "AnonymousClass224da89d0301", "scopeKind": "class", "description": "unavailable"}]}