{"is_source_file": true, "format": "JavaScript", "description": "React hook module 'useNotes' managing CRUD operations for notes in a travel planning app, including mock fallback and pagination.", "external_files": ["../api/notes", "../mocks/data"], "external_methods": ["notesApi.list", "notesApi.create", "notesApi.update", "notesApi.remove"], "published": ["useNotes"], "classes": [], "methods": [{"name": "useNotes(tripId, options = {})", "description": "Main hook managing notes, including fetching, creating, updating, deleting, and pagination, with fallback to mock data.", "scope": "", "scopeKind": ""}], "calls": ["React.useCallback", "React.useEffect", "React.useMemo", "React.useRef", "React.useState", "notesApi.list", "notesApi.create", "notesApi.update", "notesApi.remove"], "search-terms": ["useNotes", "notesApi", "mockNotes", "CRUD", "pagination", "React hook", "useCallback", "useRef"], "state": 2, "file_id": 31, "knowledge_revision": 74, "git_revision": "", "ctags": [{"_type": "tag", "name": "useNotes", "path": "/home/kavia/workspace/code-generation/travel-planner-pro-214723-214733/travel_planner_frontend/src/hooks/useNotes.js", "pattern": "/^export function useNotes(tripId, options = {}) {$/", "language": "JavaScript", "kind": "function", "signature": "(tripId, options = {})"}], "hash": "0ff10d460dfe0c6a597679143fc2001d", "format-version": 4, "code-base-name": "travel_planner_frontend", "filename": "travel_planner_frontend/src/hooks/useNotes.js", "revision_history": [{"74": ""}]}