{"is_source_file": true, "format": "JavaScript (React component)", "description": "React component for displaying and editing a trip's itinerary tab, including CRUD operations on itinerary items, with mock and live modes, within a travel planning web application.", "external_files": ["../../components/ToastProvider", "../../hooks/useItinerary"], "external_methods": ["useToasts", "useItinerary"], "published": ["TripItineraryTab"], "classes": [], "methods": [{"name": "TripItineraryTab({ trip })", "description": "Functional React component managing itinerary display and CRUD operations.", "scope": "", "scopeKind": ""}], "calls": ["useToasts()", "useItinerary()", "useState()", "useMemo()", "state.reload()", "pushToast()", "state.createItem()", "state.updateItem()", "state.deleteItem()", "state.setOffset()"], "search-terms": ["TripItineraryTab", "itinerary", "CRUD", "mock mode", "useItinerary", "React", "trip"], "state": 2, "file_id": 21, "knowledge_revision": 77, "git_revision": "a207c6b616230db15eb14953ef4d463477b8fa18", "revision_history": [{"49": ""}, {"77": "a207c6b616230db15eb14953ef4d463477b8fa18"}], "ctags": [{"_type": "tag", "name": "TripItineraryTab", "path": "/home/kavia/workspace/code-generation/travel-planner-pro-214723-214733/travel_planner_frontend/src/pages/trip/TripItineraryTab.js", "pattern": "/^export function TripItineraryTab({ trip }) {$/", "language": "JavaScript", "kind": "function", "signature": "({ trip })"}, {"_type": "tag", "name": "draftDay", "path": "/home/kavia/workspace/code-generation/travel-planner-pro-214723-214733/travel_planner_frontend/src/pages/trip/TripItineraryTab.js", "pattern": "/^              value={draftDay}$/", "language": "JavaScript", "kind": "field", "scope": "TripItineraryTab.value", "scopeKind": "class"}, {"_type": "tag", "name": "draftTime", "path": "/home/kavia/workspace/code-generation/travel-planner-pro-214723-214733/travel_planner_frontend/src/pages/trip/TripItineraryTab.js", "pattern": "/^              value={draftTime}$/", "language": "JavaScript", "kind": "field", "scope": "TripItineraryTab.value", "scopeKind": "class"}, {"_type": "tag", "name": "draftTitle", "path": "/home/kavia/workspace/code-generation/travel-planner-pro-214723-214733/travel_planner_frontend/src/pages/trip/TripItineraryTab.js", "pattern": "/^              value={draftTitle}$/", "language": "JavaScript", "kind": "field", "scope": "TripItineraryTab.value", "scopeKind": "class"}, {"_type": "tag", "name": "state", "path": "/home/kavia/workspace/code-generation/travel-planner-pro-214723-214733/travel_planner_frontend/src/pages/trip/TripItineraryTab.js", "pattern": "/^              disabled={state.status === \"pending\"}$/", "language": "JavaScript", "kind": "field", "scope": "TripItineraryTab.disabled", "scopeKind": "class"}, {"_type": "tag", "name": "state", "path": "/home/kavia/workspace/code-generation/travel-planner-pro-214723-214733/travel_planner_frontend/src/pages/trip/TripItineraryTab.js", "pattern": "/^          disabled={state.offset <= 0 || state.usingMock}$/", "language": "JavaScript", "kind": "field", "scope": "TripItineraryTab.disabled", "scopeKind": "class"}, {"_type": "tag", "name": "state", "path": "/home/kavia/workspace/code-generation/travel-planner-pro-214723-214733/travel_planner_frontend/src/pages/trip/TripItineraryTab.js", "pattern": "/^          disabled={state.usingMock}$/", "language": "JavaScript", "kind": "field", "scope": "TripItineraryTab.disabled", "scopeKind": "class"}], "hash": "84414b2fb752f02bb598432d77cdcfb0", "format-version": 4, "code-base-name": "travel_planner_frontend", "filename": "travel_planner_frontend/src/pages/trip/TripItineraryTab.js", "fields": [{"name": "value={draftDay}", "scope": "TripItineraryTab.value", "scopeKind": "class", "description": "unavailable"}, {"name": "value={draftTime}", "scope": "TripItineraryTab.value", "scopeKind": "class", "description": "unavailable"}, {"name": "value={draftTitle}", "scope": "TripItineraryTab.value", "scopeKind": "class", "description": "unavailable"}, {"name": "disabled={state.status === \"pending\"}", "scope": "TripItineraryTab.disabled", "scopeKind": "class", "description": "unavailable"}, {"name": "disabled={state.offset <= 0 || state.usingMock}", "scope": "TripItineraryTab.disabled", "scopeKind": "class", "description": "unavailable"}, {"name": "disabled={state.usingMock}", "scope": "TripItineraryTab.disabled", "scopeKind": "class", "description": "unavailable"}]}