{"is_source_file": true, "format": "JavaScript (React JSX)", "description": "This file defines a React component named TripDetailLayout, which renders the trip details page including nested tab routes for itinerary, notes, reminders, and calendar. It handles trip data fetching, editing trip name, and navigation.", "external_files": ["../components/ToastProvider", "./trip/TripItineraryTab", "./trip/TripNotesTab", "./trip/TripRemindersTab", "./trip/TripCalendarTab", "react", "react-router-dom"], "external_methods": ["useToasts", "useNavigate", "useParams"], "published": ["TripDetailLayout"], "classes": [], "methods": [{"name": "TripDetailLayout({ trips, status, usingMock, onUpdateTrip, onDeleteTrip, onReload })", "description": "Main React component rendering trip details with nested tabs, handling state for editing trip name, fetching trip data, and providing actions like refresh, delete, rename.", "scope": "", "scopeKind": ""}], "calls": ["useToasts", "useNavigate", "useParams", "trips.find", "setNameDraft", "pushToast", "navigate", "onUpdateTrip", "onReload"], "search-terms": ["TripDetailLayout", "react-router-dom NavLink", "useMemo trip", "trip name editing", "trip deletion", "trip refresh", "nested tab routes"], "state": 2, "file_id": 20, "knowledge_revision": 86, "git_revision": "a7eb00a020c7ff4e87f798636d626b13b9ea774a", "revision_history": [{"46": ""}, {"63": "a207c6b616230db15eb14953ef4d463477b8fa18"}, {"86": "a7eb00a020c7ff4e87f798636d626b13b9ea774a"}], "ctags": [{"_type": "tag", "name": "TripDetailLayout", "path": "/home/kavia/workspace/code-generation/travel-planner-pro-214723-214733/travel_planner_frontend/src/pages/TripDetailLayout.js", "pattern": "/^export function TripDetailLayout({ trips, status, usingMock, onUpdateTrip, onDeleteTrip, onReloa/", "language": "JavaScript", "kind": "function", "signature": "({ trips, status, usingMock, onUpdateTrip, onDeleteTrip, onReload })"}, {"_type": "tag", "name": "ok", "path": "/home/kavia/workspace/code-generation/travel-planner-pro-214723-214733/travel_planner_frontend/src/pages/TripDetailLayout.js", "pattern": "/^                const ok = window.confirm(\"Delete this trip? This cannot be undone.\");$/", "language": "JavaScript", "kind": "constant", "scope": "onClick", "scopeKind": "class"}, {"_type": "tag", "name": "res", "path": "/home/kavia/workspace/code-generation/travel-planner-pro-214723-214733/travel_planner_frontend/src/pages/TripDetailLayout.js", "pattern": "/^                  const res = await onDeleteTrip?.(trip.id);$/", "language": "JavaScript", "kind": "constant", "scope": "onClick", "scopeKind": "class"}, {"_type": "tag", "name": "trip", "path": "/home/kavia/workspace/code-generation/travel-planner-pro-214723-214733/travel_planner_frontend/src/pages/TripDetailLayout.js", "pattern": "/^          <Route path=\"*\" element={<TripItineraryTab trip={trip} \\/>} \\/>$/", "language": "JavaScript", "kind": "field", "scope": "AnonymousClass224da89d0501", "scopeKind": "class"}, {"_type": "tag", "name": "trip", "path": "/home/kavia/workspace/code-generation/travel-planner-pro-214723-214733/travel_planner_frontend/src/pages/TripDetailLayout.js", "pattern": "/^          <Route path=\"calendar\" element={<TripCalendarTab trip={trip} \\/>} \\/>$/", "language": "JavaScript", "kind": "field", "scope": "AnonymousClass224da89d0401", "scopeKind": "class"}, {"_type": "tag", "name": "trip", "path": "/home/kavia/workspace/code-generation/travel-planner-pro-214723-214733/travel_planner_frontend/src/pages/TripDetailLayout.js", "pattern": "/^          <Route path=\"itinerary\" element={<TripItineraryTab trip={trip} \\/>} \\/>$/", "language": "JavaScript", "kind": "field", "scope": "AnonymousClass224da89d0101", "scopeKind": "class"}, {"_type": "tag", "name": "trip", "path": "/home/kavia/workspace/code-generation/travel-planner-pro-214723-214733/travel_planner_frontend/src/pages/TripDetailLayout.js", "pattern": "/^          <Route path=\"notes\" element={<TripNotesTab trip={trip} \\/>} \\/>$/", "language": "JavaScript", "kind": "field", "scope": "AnonymousClass224da89d0201", "scopeKind": "class"}, {"_type": "tag", "name": "trip", "path": "/home/kavia/workspace/code-generation/travel-planner-pro-214723-214733/travel_planner_frontend/src/pages/TripDetailLayout.js", "pattern": "/^          <Route path=\"reminders\" element={<TripRemindersTab trip={trip} \\/>} \\/>$/", "language": "JavaScript", "kind": "field", "scope": "AnonymousClass224da89d0301", "scopeKind": "class"}], "hash": "97ed9223be2261610affc4a3be7f3cf9", "format-version": 4, "code-base-name": "travel_planner_frontend", "filename": "travel_planner_frontend/src/pages/TripDetailLayout.js", "fields": [{"name": "<Route path=\"*\" element={<TripItineraryTab trip={trip} \\/>} \\/>", "scope": "AnonymousClass224da89d0501", "scopeKind": "class", "description": "unavailable"}, {"name": "<Route path=\"calendar\" element={<TripCalendarTab trip={trip} \\/>} \\/>", "scope": "AnonymousClass224da89d0401", "scopeKind": "class", "description": "unavailable"}, {"name": "<Route path=\"itinerary\" element={<TripItineraryTab trip={trip} \\/>} \\/>", "scope": "AnonymousClass224da89d0101", "scopeKind": "class", "description": "unavailable"}, {"name": "<Route path=\"notes\" element={<TripNotesTab trip={trip} \\/>} \\/>", "scope": "AnonymousClass224da89d0201", "scopeKind": "class", "description": "unavailable"}, {"name": "<Route path=\"reminders\" element={<TripRemindersTab trip={trip} \\/>} \\/>", "scope": "AnonymousClass224da89d0301", "scopeKind": "class", "description": "unavailable"}]}