{"is_source_file": true, "format": "JavaScript (React JSX)", "description": "React component for managing and displaying notes within a trip context, including CRUD operations, state management, and user interactions.", "external_files": ["../../components/ToastProvider", "../../hooks/useNotes"], "external_methods": ["useToasts", "useNotes"], "published": ["TripNotesTab"], "classes": [], "methods": [{"name": "startEdit", "description": "Sets the current note in editing mode by updating state with the note's id and content."}, {"name": "cancelEdit", "description": "Resets editing state, cancelling current edit operation."}, {"name": "TripNotesTab({ trip })", "scope": "", "scopeKind": "", "description": "unavailable"}], "calls": ["useToasts()", "useNotes(trip?.id, { limit: 25 })", "state.reload({ limit: state.limit, offset: state.offset })", "state.createNote({ content: trimmed })", "state.updateNote(n.id, { content: trimmed })", "state.deleteNote(n.id)", "pushToast({ type: ..., title: ..., message: ... })"], "search-terms": ["TripNotesTab", "Notes management", "React component", "trip notes", "CRUD notes", "useNotes hook", "Toast notifications"], "state": 2, "file_id": 22, "knowledge_revision": 78, "git_revision": "a207c6b616230db15eb14953ef4d463477b8fa18", "revision_history": [{"51": ""}, {"78": "a207c6b616230db15eb14953ef4d463477b8fa18"}], "ctags": [{"_type": "tag", "name": "TripNotesTab", "path": "/home/kavia/workspace/code-generation/travel-planner-pro-214723-214733/travel_planner_frontend/src/pages/trip/TripNotesTab.js", "pattern": "/^export function TripNotesTab({ trip }) {$/", "language": "JavaScript", "kind": "function", "signature": "({ trip })"}, {"_type": "tag", "name": "[\"tp-badge\", state.usingMock ? \"tp-badge-info\" : \"tp-badge-success\"]", "path": "/home/kavia/workspace/code-generation/travel-planner-pro-214723-214733/travel_planner_frontend/src/pages/trip/TripNotesTab.js", "pattern": "/^        <span className={[\"tp-badge\", state.usingMock ? \"tp-badge-info\" : \"tp-badge-success\"].jo/", "language": "JavaScript", "kind": "field", "scope": "AnonymousClass764c4d5a0101", "scopeKind": "class"}, {"_type": "tag", "name": "draft", "path": "/home/kavia/workspace/code-generation/travel-planner-pro-214723-214733/travel_planner_frontend/src/pages/trip/TripNotesTab.js", "pattern": "/^          value={draft}$/", "language": "JavaScript", "kind": "field", "scope": "value", "scopeKind": "class"}, {"_type": "tag", "name": "res", "path": "/home/kavia/workspace/code-generation/travel-planner-pro-214723-214733/travel_planner_frontend/src/pages/trip/TripNotesTab.js", "pattern": "/^              const res = await state.createNote({ content: trimmed });$/", "language": "JavaScript", "kind": "constant", "scope": "onClick", "scopeKind": "class"}, {"_type": "tag", "name": "state", "path": "/home/kavia/workspace/code-generation/travel-planner-pro-214723-214733/travel_planner_frontend/src/pages/trip/TripNotesTab.js", "pattern": "/^          disabled={state.offset <= 0 || state.usingMock}$/", "language": "JavaScript", "kind": "field", "scope": "disabled", "scopeKind": "class"}, {"_type": "tag", "name": "state", "path": "/home/kavia/workspace/code-generation/travel-planner-pro-214723-214733/travel_planner_frontend/src/pages/trip/TripNotesTab.js", "pattern": "/^          disabled={state.status === \"pending\"}$/", "language": "JavaScript", "kind": "field", "scope": "disabled", "scopeKind": "class"}, {"_type": "tag", "name": "trimmed", "path": "/home/kavia/workspace/code-generation/travel-planner-pro-214723-214733/travel_planner_frontend/src/pages/trip/TripNotesTab.js", "pattern": "/^            const trimmed = draft.trim();$/", "language": "JavaScript", "kind": "constant", "scope": "onClick", "scopeKind": "class"}], "hash": "0564dc82889ac38734c686ef0f26040d", "format-version": 4, "code-base-name": "travel_planner_frontend", "filename": "travel_planner_frontend/src/pages/trip/TripNotesTab.js", "fields": [{"name": "<span className={[\"tp-badge\", state.usingMock ? \"tp-badge-info\" : \"tp-badge-success\"].jo/", "scope": "AnonymousClass764c4d5a0101", "scopeKind": "class", "description": "unavailable"}, {"name": "value={draft}", "scope": "value", "scopeKind": "class", "description": "unavailable"}, {"name": "disabled={state.offset <= 0 || state.usingMock}", "scope": "disabled", "scopeKind": "class", "description": "unavailable"}, {"name": "disabled={state.status === \"pending\"}", "scope": "disabled", "scopeKind": "class", "description": "unavailable"}]}