{"is_source_file": false, "format": "", "description": "", "external_files": [], "external_methods": [], "published": [], "classes": [], "methods": [], "calls": [], "search-terms": [], "state": 2, "file_id": 9, "knowledge_revision": 20, "git_revision": "1b92b5aae4d4f80c487316072b1ea613ef650341", "hash": "d9d975cebe2ec20b6c652e1e4c12ccf0", "format-version": 4, "code-base-name": "travel_planner_frontend", "filename": "travel_planner_frontend/public/manifest.json", "revision_history": [{"20": "1b92b5aae4d4f80c487316072b1ea613ef650341"}]}