{"is_source_file": false, "format": "", "description": "", "external_files": [], "external_methods": [], "published": [], "classes": [], "methods": [], "calls": [], "search-terms": [], "state": 2, "file_id": 37, "knowledge_revision": 98, "git_revision": "1e02bfb56ddc64dd414f6d45de2a449fbacf8d86", "hash": "2add3b1791b810731f3ec64fa9f10d38", "format-version": 4, "code-base-name": "travel_planner_frontend", "filename": "travel_planner_frontend/interfaces/backend_openapi.live.json", "revision_history": [{"98": "1e02bfb56ddc64dd414f6d45de2a449fbacf8d86"}]}