{"is_source_file": true, "format": "JavaScript", "description": "React component for the Trips Home Page, allowing users to view, create, and navigate trips.", "external_files": ["../components/ToastProvider", "react", "react-router-dom"], "external_methods": ["useToasts", "useNavigate", "Link"], "published": ["TripsHomePage"], "classes": [], "methods": [{"name": "TripsHomePage({ trips, status, error, usingMock, onCreateTrip })", "description": "React functional component that displays trips, allows creating new trips, and navigation to other pages.", "scope": "", "scopeKind": ""}], "calls": ["useToasts", "useNavigate", "Link", "setCreating", "pushToast", "navigate", "onCreateTrip", "setCreating", "pushToast", "navigate"], "search-terms": ["TripsHomePage", "React", "create trip", "useToasts", "useNavigate", "mock trips", "trip listing", "navigation"], "state": 2, "file_id": 19, "knowledge_revision": 62, "git_revision": "a207c6b616230db15eb14953ef4d463477b8fa18", "revision_history": [{"45": ""}, {"62": "a207c6b616230db15eb14953ef4d463477b8fa18"}], "ctags": [{"_type": "tag", "name": "TripsHomePage", "path": "/home/kavia/workspace/code-generation/travel-planner-pro-214723-214733/travel_planner_frontend/src/pages/TripsHomePage.js", "pattern": "/^export function TripsHomePage({ trips, status, error, usingMock, onCreateTrip }) {$/", "language": "JavaScript", "kind": "function", "signature": "({ trips, status, error, usingMock, onCreateTrip })"}], "hash": "ec55c176bc6f37c0eb80ddfb695c54fa", "format-version": 4, "code-base-name": "travel_planner_frontend", "filename": "travel_planner_frontend/src/pages/TripsHomePage.js"}