{"is_source_file": false, "format": "", "description": "", "external_files": [], "external_methods": [], "published": [], "classes": [], "methods": [], "calls": [], "search-terms": [], "state": 2, "file_id": 1, "knowledge_revision": 14, "git_revision": "1b92b5aae4d4f80c487316072b1ea613ef650341", "hash": "ebece526bc2eadd78ddd787a76c56607", "format-version": 4, "code-base-name": "travel_planner_frontend", "filename": "travel_planner_frontend/README.md", "revision_history": [{"14": "1b92b5aae4d4f80c487316072b1ea613ef650341"}]}